Workbook
Name prevWBS: Dashboard!$A1048576

Sheet Sheet1
A1: Email | B1: Name | C1: Change Computer Name | D1: Computer Name | E1: Monitor Name 1 | F1: Brand | G1: Model | H1: Service Tag | I1: Monitor Name 2 | J1: Brand1 | K1: Model1 | L1: Service Tag1 | M1: Windows | N1: Windows Activate ? | O1: Windows version (winver) | P1: Office | Q1: Office Activate? | R1: update anti virus ? | S1: IP Phone | T1: Printer Local ? | U1: UPS ? | V1: Install agent GLPI 1.6/1.7 | W1: Install agent spicework | X1: Change password admin local | Y1: Check USB Policy | Z1: PC Audit | AA1: HW info | AB1: Cleaning Device? | AC1: ปัญหาการใช้งาน มีไหม | AD1: Customer Satisfaction | AE1: Staff Service
A2: asawin.ima@trrgroup.com | B2: Asawin Imaromkul | C2: Yes | D2: HQ-PS-N042 | E2: - | F2: - | G2: - | H2: - | I2: - | J2: - | K2: - | L2: - | M2: Windows 10 | N2: Yes | O2: 22H2 | P2: MS 365 | Q2: Yes | R2: Yes | S2: 1843 | T2: No | U2: No | V2: Yes | W2: yes | X2: No | Y2: Yes | Z2: Yes | AA2: Yes | AB2: Yes | AD2: 5 | AE2: วัชระ คิดโสดา (แจ็ค)
A3: phonwimon.aut@trrgroup.com | B3: Phonwimon Authai | C3: No | D3: HQ-PS-N035 | E3: - | F3: - | G3: - | H3: - | I3: - | J3: - | K3: - | L3: - | M3: Windows 11 | N3: Yes | O3: 24H2 (26100.4349) | P3: MS 365 | Q3: Yes | R3: Yes | S3: 1848 | T3: No | U3: No | V3: Yes | W3: yes | X3: No | Y3: No | Z3: Yes | AA3: Yes | AB3: Yes | AD3: 4 | AE3: ชัยวัฒน์ จารุกรุณา (วัฒน์)
A4: audit.ps@trrgroup.com | B4: Audit PS | C4: No | D4: HQ-PS-N033 | E4: - | F4: - | G4: - | H4: - | I4: - | J4: - | K4: - | L4: - | M4: Windows 11 | N4: Yes | O4: 24H2 (26100.4349) | P4: MS 365 | Q4: Yes | R4: Yes | S4: 1849 | T4: No | U4: No | V4: Yes | W4: yes | X4: No | Y4: Yes | Z4: Yes | AA4: Yes | AB4: Yes | AD4: 5 | AE4: วัชระ คิดโสดา (แจ็ค)
A5: watchara.kid@trrgroup.com | B5: Watchara Kidsoda | C5: No | D5: HQ-PS-N013 | E5: - | F5: LG | G5: GSM5AB6 | H5: 607NTVS8N727 | I5: - | J5: - | K5: - | L5: - | M5: Windows 10 | N5: Yes | O5: 22H2 | P5: MS 365 | Q5: Yes | R5: Yes | S5: - | T5: No | U5: No | V5: Yes | W5: yes | X5: No | Y5: Yes | Z5: Yes | AA5: Yes | AB5: Yes | AD5: 5 | AE5: วัชระ คิดโสดา (แจ็ค)
A6: chamaiporn.ker@trrgroup.com | B6: Chamaiporn Kertpunya | C6: No | D6: HQ-TRR-N131 | E6: - | F6: - | G6: - | H6: - | I6: - | J6: - | K6: - | L6: - | M6: Windows 10 | N6: No | O6: 22H2 (19045.5737) | P6: MS 365 | Q6: Yes | R6: Yes | S6: 1218 | T6: No | U6: No | V6: Yes | W6: yes | X6: No | Y6: Yes | Z6: Yes | AA6: Yes | AB6: Yes | AD6: 4 | AE6: ชัยวัฒน์ จารุกรุณา (วัฒน์)
A7: salisa.cha@trrgroup.com | B7: Salisa Chaichompoo | C7: No | D7: HQ-TRR-N128 | E7: - | F7: - | G7: - | H7: - | I7: - | J7: - | K7: - | L7: - | M7: Windows 11 | N7: No | O7: 24H2 (26100.4770) | P7: 2016 | Q7: No | R7: Yes | S7: - | T7: No | U7: No | V7: Yes | W7: yes | X7: No | Y7: Yes | Z7: Yes | AA7: Yes | AB7: Yes | AD7: 5 | AE7: วัชระ คิดโสดา (แจ็ค)
A8: tanatorn.sri@trrgroup.com | B8: Tanatorn Sriwatchirakai | C8: No | D8: HQ-TRR-N149 | E8: - | F8: - | G8: - | H8: - | I8: - | J8: - | K8: - | L8: - | M8: Windows 10 | N8: Yes | O8: 22H2 (19045.5737) | P8: MS 365 | Q8: Yes | R8: Yes | S8: 1877 | T8: Yes | U8: No | V8: No | W8: yes | X8: No | Y8: Yes | Z8: Yes | AA8: Yes | AB8: Yes | AD8: 4 | AE8: ชัยวัฒน์ จารุกรุณา (วัฒน์)
A9: amphorn.hon@trrgroup.com | B9: Amphorn Hongkhammee | C9: No | D9: HQ-PS-N045 | E9: - | F9: - | G9: - | H9: - | I9: - | J9: - | K9: - | L9: - | M9: Windows 11 | N9: Yes | O9: 24H2 (26100.4484) | P9: MS 365 | Q9: Yes | R9: Yes | S9: 1812 | T9: No | U9: No | V9: Yes | W9: yes | X9: No | Y9: Yes | Z9: Yes | AA9: Yes | AB9: Yes | AD9: 5 | AE9: วัชระ คิดโสดา (แจ็ค)
A10: watchara.kid@trrgroup.com | B10: Watchara Kidsoda | C10: No | D10: HQ-PS-N017 | E10: - | F10: - | G10: - | H10: - | I10: - | J10: - | K10: - | L10: - | M10: Windows 10 | N10: Yes | O10: 22H2 (19045.5965) | P10: 2019 | Q10: No | R10: Yes | S10: - | T10: No | U10: No | V10: Yes | W10: yes | X10: Yes | Y10: Yes | Z10: Yes | AA10: Yes | AB10: Yes | AD10: 5 | AE10: วัชระ คิดโสดา (แจ็ค)
A11: wirat.uss@trrgroup.com | B11: Wirat Ussawaprechawong | C11: No | D11: HQ-PS-P010 | E11: - | F11: - | G11: - | H11: - | I11: - | J11: - | K11: - | L11: - | M11: Windows 10 | N11: Yes | O11: 22H2 | P11: MS 365 | Q11: No | R11: Yes | S11: - | T11: No | U11: No | V11: Yes | W11: yes | X11: Yes | Y11: Yes | Z11: Yes | AA11: Yes | AB11: Yes | AD11: 5 | AE11: วัชระ คิดโสดา (แจ็ค)
A12: watchara.kid@trrgroup.com | B12: Watchara Kidsoda | C12: No | D12: HQ-PS-N046 | E12: - | F12: - | G12: - | H12: - | I12: - | J12: - | K12: - | L12: - | M12: Windows 11 | N12: Yes | O12: 24H2 | P12: 2021 | Q12: Yes | R12: Yes | S12: - | T12: No | U12: No | V12: Yes | W12: yes | X12: No | Y12: Yes | Z12: Yes | AA12: Yes | AB12: Yes | AD12: 5 | AE12: วัชระ คิดโสดา (แจ็ค)
A13: krittiya.sin@trrgroup.com | B13: Krittiya Singpolngam | C13: No | D13: HQ-TRRL-N008 | E13: - | F13: - | G13: - | H13: - | I13: - | J13: - | K13: - | L13: - | M13: Windows 11 | N13: Yes | O13: 24H2 (26100.3476) | P13: 2016 | Q13: No | R13: Yes | S13: - | T13: No | U13: No | V13: Yes | W13: yes | X13: No | Y13: Yes | Z13: Yes | AA13: Yes | AB13: Yes | AD13: 5 | AE13: วัชระ คิดโสดา (แจ็ค)
... A32: phadkaphong.pho@trrgroup.com | B32: Phadkaphong Phombut | C32: No | D32: HQ-PS-N014 | E32: HQ-PS-M014 | F32: DELL | G32: S2421H | H32: D2N3YN3 | I32: - | J32: - | K32: - | L32: - | M32: Windows 10 | N32: Yes | O32: 22H2 (19045.5737) | P32: 2016 | Q32: No | R32: Yes | S32: - | T32: No | U32: No | V32: Yes | W32: yes | X32: No | Y32: Yes | Z32: Yes | AA32: Yes | AB32: Yes | AD32: 4 | AE32: ชัยวัฒน์ จารุกรุณา (วัฒน์)
A33: jittakorn.kra@trrgroup.com | B33: Jittakorn Krasobthong | C33: No | D33: HQ-PS-N020 | E33: HQ-PS-M015 | F33: DELL | G33: S2421HN | H33: 7V11D23 | I33: - | J33: - | K33: - | L33: - | M33: Windows 10 | N33: Yes | O33: 22H2 (19045.5854) | P33: MS 365 | Q33: Yes | R33: Yes | S33: 1815 | T33: Yes | U33: No | V33: Yes | W33: yes | X33: Yes | Y33: Yes | Z33: Yes | AA33: Yes | AB33: Yes | AC33: EPSON LQ-2090 S/N FT7Y069990 | AD33: 5 | AE33: วัชระ คิดโสดา (แจ็ค)
A34: piyawan.sae@trrgroup.com | B34: Piyawan Sae-Ung | C34: No | D34: HQ-PS-N037 | E34: HQ-PS-M016 | F34: DELL | G34: E2425HS | H34: FG2ZZ64 | I34: - | J34: - | K34: - | L34: - | M34: Windows 11 | N34: Yes | O34: 24H2 (26100.4061) | P34: 2019 | Q34: Yes | R34: Yes | S34: 1827 | T34: No | U34: No | V34: Yes | W34: yes | X34: No | Y34: Yes | Z34: Yes | AA34: Yes | AB34: Yes | AD34: 5 | AE34: วัชระ คิดโสดา (แจ็ค)
A35: nutipong.cla@trrgroup.com | B35: Nutipong Claisit | C35: No | D35: HQ-PS-N027 | E35: HQ-PS-M017 | F35: DELL | G35: S2421HN | H35: BMMLZG3 | I35: - | J35: - | K35: - | L35: - | M35: Windows 10 | N35: Yes | O35: 22H2 (19045.5854) | P35: MS 365 | Q35: Yes | R35: Yes | S35: 1825 | T35: No | U35: No | V35: Yes | W35: yes | X35: No | Y35: Yes | Z35: Yes | AA35: Yes | AB35: Yes | AD35: 5 | AE35: วัชระ คิดโสดา (แจ็ค)
A36: nitikorn.sor@trrgroup.com | B36: Nitikorn Sornsaard | C36: No | D36: HQ-PS-N044 | E36: HQ-PS-M018 | F36: DELL | G36: E2425HSM | H36: H4XG074 | I36: - | J36: - | K36: - | L36: - | M36: Windows 11 | N36: Yes | O36: 24H2 (26100.4351) | P36: 2019 | Q36: Yes | R36: Yes | S36: - | T36: No | U36: No | V36: Yes | W36: yes | X36: No | Y36: Yes | Z36: Yes | AA36: Yes | AB36: Yes | AD36: 4 | AE36: ชัยวัฒน์ จารุกรุณา (วัฒน์)
A37: wanthanee.saw@trrgroup.com | B37: Wanthanee Sawaddee | C37: No | D37: HQ-PS-N011 | E37: HQ-PS-M019 | F37: DELL | G37: E2422HS | H37: 58ZCWQ3 | I37: - | J37: - | K37: - | L37: - | M37: Windows 10 | N37: Yes | O37: 22H2 (19045.5854) | P37: MS 365 | Q37: Yes | R37: Yes | S37: 1814 | T37: No | U37: No | V37: Yes | W37: yes | X37: No | Y37: Yes | Z37: Yes | AA37: Yes | AB37: Yes | AD37: 5 | AE37: วัชระ คิดโสดา (แจ็ค)
A38: thitamon.dou@trrgroup.com | B38: Thitamon Doungleang | C38: No | D38: HQ-PS-N012 | E38: HQ-PS-M020 | F38: SAMSUNG | G38: S24F350 | H38: H4ZJ701794 | I38: - | J38: - | K38: - | L38: - | M38: Windows 10 | N38: Yes | O38: 22H2 (19045.5965) | P38: MS 365 | Q38: Yes | R38: Yes | S38: 1814 | T38: No | U38: No | V38: Yes | W38: yes | X38: No | Y38: Yes | Z38: Yes | AA38: Yes | AB38: Yes | AD38: 5 | AE38: วัชระ คิดโสดา (แจ็ค)
A39: kerati.num@trrgroup.com | B39: Kerati Numahan | C39: No | D39: HQ-PS-N024 | E39: HQ-PS-M021 | F39: DELL | G39: S2421HN | H39: 27SY2H3 | I39: - | J39: - | K39: - | L39: - | M39: Windows 10 | N39: Yes | O39: 22H2 (19045.5965) | P39: MS 365 | Q39: Yes | R39: Yes | S39: 1880 | T39: No | U39: No | V39: Yes | W39: yes | X39: No | Y39: Yes | Z39: Yes | AA39: Yes | AB39: Yes | AD39: 5 | AE39: วัชระ คิดโสดา (แจ็ค)
A40: nithi.dee@trrgroup.com | B40: Nithi Deejaroon | C40: No | D40: HQ-PS-N005 | E40: HQ-PS-M022 | F40: LG | G40: GSM5AB8 | H40: - | I40: - | J40: - | K40: - | L40: - | M40: Windows 10 | N40: No | O40: 22H2 (19045.5965) | P40: 2016 | Q40: No | R40: Yes | S40: 1817 | T40: No | U40: No | V40: Yes | W40: yes | X40: No | Y40: Yes | Z40: Yes | AA40: Yes | AB40: Yes | AD40: 4 | AE40: ชัยวัฒน์ จารุกรุณา (วัฒน์)
A41: chalita.sim@trrgroup.com | B41: Chalita Simpla | C41: No | D41: HQ-PS-N001 | E41: HQ-PS-M023 | F41: DELL | G41: SE2422H | H41: 262VWY3 | I41: - | J41: - | K41: - | L41: - | M41: Windows 11 | N41: Yes | O41: 23H2 (22631.5472) | P41: MS 365 | Q41: Yes | R41: Yes | S41: 1881 | T41: No | U41: No | V41: Yes | W41: yes | X41: No | Y41: Yes | Z41: Yes | AA41: Yes | AB41: Yes | AD41: 5 | AE41: วัชระ คิดโสดา (แจ็ค)
A42: wirat.uss@trrgroup.com | B42: Wirat Ussawaprechawong | C42: No | D42: HQ-PS-N026 | E42: HQ-PS-M024 | F42: DELL | G42: DEL41F1 | H42: 5S6H623 | I42: - | J42: - | K42: - | L42: - | M42: Windows 10 | N42: Yes | O42: 22H2 (19045.5854) | P42: MS 365 | Q42: Yes | R42: Yes | S42: 1808 | T42: No | U42: No | V42: Yes | W42: yes | X42: No | Y42: Yes | Z42: Yes | AA42: Yes | AB42: Yes | AD42: 4 | AE42: ชัยวัฒน์ จารุกรุณา (วัฒน์)
A43: ariyapat.noi@trrgroup.com | B43: Ariyapat Noiwilai | C43: No | D43: HQ-PS-N025 | E43: HQ-PS-M025 | F43: DELL | G43: S2318H | H43: 4XPPC82Q00KB | I43: - | J43: - | K43: - | L43: - | M43: Windows 10 | N43: Yes | O43: 22H2 (19045.5965) | P43: MS 365 | Q43: Yes | R43: Yes | S43: 1822 | T43: No | U43: No | V43: Yes | W43: yes | X43: No | Y43: Yes | Z43: Yes | AA43: Yes | AB43: Yes | AD43: 5 | AE43: วัชระ คิดโสดา (แจ็ค)
A44: wipada.kae@trrgroup.com | B44: Wipada Kaewmanee | C44: No | D44: HQ-PS-N002 | E44: HQ-PS-M026 | F44: SAMSUNG | G44: S24F350 | H44: H4ZJ900195 | I44: - | J44: - | K44: - | L44: - | M44: Windows 10 | N44: No | O44: 22H2 (19045.5965) | P44: MS 365 | Q44: Yes | R44: Yes | S44: 1819 | T44: No | U44: No | V44: Yes | W44: yes | X44: No | Y44: Yes | Z44: Yes | AA44: Yes | AB44: Yes | AD44: 5 | AE44: วัชระ คิดโสดา (แจ็ค)
A45: thanadee.cha@trrgroup.com | B45: Thanadee Chanvipava | C45: No | D45: HQ-PS-N038 | E45: HQ-PS-M027 | F45: DELL | G45: E2425HSM | H45: 7PG5M84 | I45: - | J45: - | K45: - | L45: - | M45: Windows 11 | N45: Yes | O45: 24H2 (26100.4351) | P45: 2019 | Q45: Yes | R45: Yes | S45: - | T45: No | U45: No | V45: Yes | W45: yes | X45: No | Y45: Yes | Z45: Yes | AA45: Yes | AB45: Yes | AD45: 5 | AE45: วัชระ คิดโสดา (แจ็ค)
... A47: atchara.sua@trrgroup.com | B47: Atchara Suansawan | C47: No | D47: HQ-PS-N032 | E47: HQ-PS-M029 | F47: DELL | G47: SE2419H | H47: JXF4CX2 | I47: - | J47: - | K47: - | L47: - | M47: Windows 10 | N47: Yes | O47: 22H2 (19045.5854) | P47: MS 365 | Q47: Yes | R47: Yes | S47: 1800 | T47: No | U47: No | V47: Yes | W47: yes | X47: No | Y47: Yes | Z47: Yes | AA47: Yes | AB47: Yes | AD47: 4 | AE47: ชัยวัฒน์ จารุกรุณา (วัฒน์)
A48: amphorn.hon@trrgroup.com | B48: Amphorn Hongkhammee | C48: No | D48: HQ-PS-N006 | E48: HQ-PS-M033 | F48: PHILIPS | G48: 246E7 | H48: AU01625011148 | I48: - | J48: - | K48: - | L48: - | M48: Windows 10 | N48: No | O48: 22H2 (19045.5737) | P48: 2016 | Q48: No | R48: Yes | S48: 1812 | T48: Yes | U48: No | V48: Yes | W48: yes | X48: No | Y48: Yes | Z48: Yes | AA48: Yes | AB48: Yes | AC48: 791 OKI 24pin S/N: AK83060568E0 | AD48: 5 | AE48: วัชระ คิดโสดา (แจ็ค)
A49: prapunsak@trrgroup.com | B49: Prapunsak Wongpaitoon | C49: No | D49: HQ-PS-N030 | E49: HQ-PS-M030 | F49: LG | G49: GSM5AB7 | H49: 607NTVS8N727 | I49: - | J49: - | K49: - | L49: - | M49: Windows 10 | N49: Yes | O49: 22H2 (19045.5965) | P49: MS 365 | Q49: Yes | R49: Yes | S49: 1803 | T49: No | U49: No | V49: Yes | W49: yes | X49: No | Y49: Yes | Z49: Yes | AA49: Yes | AB49: Yes | AD49: 5 | AE49: วัชระ คิดโสดา (แจ็ค)
A50: sawanya.mah@trrgroup.com | B50: Sawanya Mahakan | C50: No | D50: HQ-PS-N021 | E50: HQ-PS-M031 | F50: SAMSUNG | G50: S24F350 | H50: H4ZH700996 | I50: - | J50: - | K50: - | L50: - | M50: Windows 10 | N50: Yes | O50: 22H2 (19045.5965) | P50: MS 365 | Q50: Yes | R50: Yes | S50: 1824 | T50: No | U50: No | V50: Yes | W50: yes | X50: No | Y50: Yes | Z50: Yes | AA50: Yes | AB50: Yes | AD50: 4 | AE50: ชัยวัฒน์ จารุกรุณา (วัฒน์)
A51: yutthapol.cha@trrgroup.com | B51: Yutthapol Charoenrat | C51: No | D51: HQ-PS-N034 | E51: HQ-PS-M032 | F51: DELL | G51: S2421HN | H51: 1S6H623 | I51: - | J51: - | K51: - | L51: - | M51: Windows 11 | N51: Yes | O51: 24H2 (26100.4351) | P51: MS 365 | Q51: Yes | R51: Yes | S51: 1847 | T51: No | U51: No | V51: Yes | W51: yes | X51: No | Y51: Yes | Z51: Yes | AA51: Yes | AB51: Yes | AD51: 5 | AE51: วัชระ คิดโสดา (แจ็ค)
A52: benjawan.vae@trrgroup.com | B52: Benjawan Vaenkaew | C52: No | D52: HQ-PS-N029 | E52: HQ-PS-M034 | F52: DELL | G52: S2421HN | H52: 5NMLZG3 | I52: - | J52: - | K52: - | L52: - | M52: Windows 10 | N52: Yes | O52: 22H2 (19045.5737) | P52: MS 365 | Q52: Yes | R52: Yes | S52: 1811 | T52: No | U52: No | V52: Yes | W52: yes | X52: No | Y52: Yes | Z52: Yes | AA52: Yes | AB52: Yes | AD52: 4 | AE52: ชัยวัฒน์ จารุกรุณา (วัฒน์)
A53: thawatchai.pha@trrgroup.com | B53: Thawatchai Phaengphaeng | C53: No | D53: HQ-PS-N022 | E53: HQ-PS-M035 | F53: DELL | G53: S2421HN | H53: 3SVJZG3 | I53: - | J53: - | K53: - | L53: - | M53: Windows 10 | N53: Yes | O53: 22H2 (19045.5965) | P53: MS 365 | Q53: Yes | R53: Yes | S53: 1879 | T53: No | U53: No | V53: Yes | W53: yes | X53: No | Y53: Yes | Z53: Yes | AA53: Yes | AB53: Yes | AD53: 4 | AE53: ชัยวัฒน์ จารุกรุณา (วัฒน์)
A54: narinrat.tin@trrgroup.com | B54: Narinrat Tinchadarak | C54: No | D54: HQ-PS-N036 | E54: HQ-PS-M036 | F54: DELL | G54: E2425HS | H54: 8520N54 | I54: - | J54: - | K54: - | L54: - | M54: Windows 11 | N54: Yes | O54: 24H2 (26100.4484) | P54: MS 365 | Q54: Yes | R54: Yes | S54: 1826 | T54: No | U54: No | V54: Yes | W54: yes | X54: No | Y54: Yes | Z54: Yes | AA54: Yes | AB54: Yes | AD54: 5 | AE54: วัชระ คิดโสดา (แจ็ค)
A55: thitiporn@trrgroup.com | B55: Thitiporn Chanvipava | C55: No | D55: HQ-PS-P001 | E55: HQ-PS-M037 | F55: LG | G55: 50PC1DR | H55: 16843009 | I55: - | J55: - | K55: - | L55: - | M55: Windows 11 | N55: Yes | O55: 21H2 (22000.2538) | P55: MS 365 | Q55: Yes | R55: Yes | S55: 1807 | T55: No | U55: Yes | V55: Yes | W55: yes | X55: No | Y55: Yes | Z55: Yes | AA55: Yes | AB55: Yes | AD55: 4 | AE55: ชัยวัฒน์ จารุกรุณา (วัฒน์)
A56: wongsathon.sae@trrgroup.com | B56: Wongsathon Saengcharoen | C56: No | D56: HQ-PS-N023 | E56: HQ-PS-M038 | F56: DELL | G56: S2421HN | H56: BSVJZG3 | I56: - | J56: - | K56: - | L56: - | M56: Windows 10 | N56: Yes | O56: 22H2 (19045.5965) | P56: MS 365 | Q56: Yes | R56: Yes | S56: 1880 | T56: No | U56: No | V56: Yes | W56: yes | X56: No | Y56: Yes | Z56: Yes | AA56: Yes | AB56: Yes | AD56: 4 | AE56: ชัยวัฒน์ จารุกรุณา (วัฒน์)
A57: jaruwan.pha@trrgroup.com | B57: Jaruwan Phajan | C57: No | D57: HQ-PS-N010 | E57: HQ-PS-M040 | F57: DELL | G57: SE2422H | H57: JR3Y814 | I57: - | J57: - | K57: - | L57: - | M57: Windows 11 | N57: Yes | O57: 24H2 (26100.4652) | P57: 2019 | Q57: Yes | R57: Yes | S57: 1810 | T57: No | U57: No | V57: Yes | W57: yes | X57: No | Y57: Yes | Z57: Yes | AA57: Yes | AB57: Yes | AD57: 5 | AE57: วัชระ คิดโสดา (แจ็ค)
A58: anusara.jar@trrgroup.com | B58: Anusara Jaroensuk | C58: No | D58: HQ-PS-N003 | E58: HQ-PS-M041 | F58: LG | G58: GSM5AB8 | H58: GSM5AB8 | I58: - | J58: - | K58: - | L58: - | M58: Windows 10 | N58: No | O58: 22H2 (19045.5965) | P58: MS 365 | Q58: Yes | R58: Yes | S58: 1820 | T58: No | U58: No | V58: Yes | W58: yes | X58: No | Y58: Yes | Z58: Yes | AA58: Yes | AB58: Yes | AD58: 5 | AE58: วัชระ คิดโสดา (แจ็ค)
A59: kunchisa.suk@trrgroup.com | B59: Kunchisa Sukthep | C59: No | D59: HQ-PS-N004 | E59: HQ-PS-M042 | F59: DELL | G59: S2319H | H59: TXC058811G3B | I59: - | J59: - | K59: - | L59: - | M59: Windows 10 | N59: No | O59: 22H2 (19045.6093) | P59: 2016 | Q59: No | R59: Yes | S59: 1809 | T59: No | U59: No | V59: Yes | W59: yes | X59: No | Y59: Yes | Z59: Yes | AA59: Yes | AB59: Yes | AD59: 5 | AE59: วัชระ คิดโสดา (แจ็ค)
A60: suchaya.cha@trrgroup.com | B60: Suchaya Chaitip | C60: Yes | D60: HQ-TRRCORP-N065 | E60: HQ-TRRCORP-M001 | F60: DELL | G60: E2417H | H60: MYFWK8CE1KHB | I60: - | J60: - | K60: - | L60: - | M60: Windows 11 | N60: Yes | O60: 24h2 (26100.4652) | P60: 2019 | Q60: Yes | R60: Yes | S60: 1837 | T60: No | U60: No | V60: Yes | W60: yes | X60: No | Y60: Yes | Z60: Yes | AA60: Yes | AB60: Yes | AD60: 5 | AE60: วัชระ คิดโสดา (แจ็ค)
... A67: cholthicha.pao@trrgroup.com | B67: Cholthicha Paophandee | C67: No | D67: HQ-TRRCORP-N064 | E67: HQ-TRRCORP-M010 | F67: Acer | G67: S230HL | H67: LTS0R0252400 | I67: - | J67: - | K67: - | L67: - | M67: Windows 11 | N67: No | O67: 24H2 (26100.4946) | P67: MS 365 | Q67: Yes | R67: Yes | S67: 1257 | T67: No | U67: No | V67: Yes | W67: yes | X67: No | Y67: Yes | Z67: Yes | AA67: Yes | AB67: Yes | AD67: 4 | AE67: ชัยวัฒน์ จารุกรุณา (วัฒน์)
A68: kanyarat.wor@trrgroup.com | B68: Kanyarat Worachina | C68: Yes | D68: HQ-TRRCORP-N040 | E68: HQ-TRRCORP-M013 | F68: SAMSUNG | G68: S24F350 | H68: H4ZH801588 | I68: - | J68: - | K68: - | L68: - | M68: Windows 11 | N68: Yes | O68: 24H2 (26100.4770) | P68: 2021 | Q68: Yes | R68: Yes | S68: - | T68: No | U68: No | V68: Yes | W68: yes | X68: No | Y68: Yes | Z68: Yes | AA68: Yes | AB68: Yes | AC68: HQ-TRRB-N040 >> HQ-TRRCORP-N040 | AD68: 4 | AE68: ชัยวัฒน์ จารุกรุณา (วัฒน์)
A69: rachatawan.sri@trrgroup.com | B69: Rachatawan Srisaswatakul | C69: No | D69: HQ-TRRL-N002 | E69: HQ-TRRL-M001 | F69: DELL | G69: E2422HS | H69: 5FSFWQ3 | I69: - | J69: - | K69: - | L69: - | M69: Windows 10 | N69: Yes | O69: 22H2 (19045.6093) | P69: MS 365 | Q69: Yes | R69: Yes | S69: 1201 | T69: No | U69: No | V69: Yes | W69: yes | X69: No | Y69: Yes | Z69: Yes | AA69: Yes | AB69: Yes | AD69: 5 | AE69: วัชระ คิดโสดา (แจ็ค)
A70: schlut.tep@trrgroup.com | B70: Schlut Teppitak | C70: No | D70: HQ-TRRL-N007 | E70: HQ-TRRL-M003 | F70: DELL | G70: U2412M | H70: 504H143C5KPS | I70: - | J70: - | K70: - | L70: - | M70: Windows 11 | N70: Yes | O70: 24H2 (26100.3775) | P70: MS 365 | Q70: Yes | R70: Yes | S70: - | T70: No | U70: No | V70: Yes | W70: yes | X70: No | Y70: Yes | Z70: Yes | AA70: Yes | AB70: Yes | AD70: 4 | AE70: ชัยวัฒน์ จารุกรุณา (วัฒน์)
A71: kittichai.kun@trrgroup.com | B71: Kittichai Kunawong | C71: No | D71: HQ-TRRL-N006 | E71: HQ-TRRL-M004 | F71: Lenovo | G71: L24i-4A | H71: UMHP2YWR | I71: - | J71: - | K71: - | L71: - | M71: Windows 11 | N71: Yes | O71: 24H2 | P71: 2021 | Q71: Yes | R71: Yes | S71: 1206 | T71: No | U71: No | V71: Yes | W71: yes | X71: No | Y71: Yes | Z71: Yes | AA71: Yes | AB71: Yes | AD71: 5 | AE71: วัชระ คิดโสดา (แจ็ค)
A72: siriphorn.eam@trrgroup.com | B72: Siriphorn Eamopas | C72: No | D72: HQ-TRR-N189 | E72: HQ-TRR-M001 | F72: SAMSUNG | G72: LS24AG32x | H72: H9JW400760 | I72: - | J72: - | K72: - | L72: - | M72: Windows 11 | N72: Yes | O72: 24H2 (26100.4484) | P72: MS 365 | Q72: Yes | R72: Yes | S72: 1852 | T72: No | U72: No | V72: Yes | W72: yes | X72: No | Y72: Yes | Z72: Yes | AA72: Yes | AB72: Yes | AD72: 4 | AE72: ชัยวัฒน์ จารุกรุณา (วัฒน์)
A73: thananya.suw@trrgroup.com | B73: Thananya Suwandee | C73: No | D73: HQ-TRR-N151 | E73: HQ-TRR-M001 | F73: SAMSUNG | G73: S24F350 | H73: H4ZJ702031 | I73: - | J73: - | K73: - | L73: - | M73: Windows 10 | N73: Yes | O73: 22H2 (19045.5854) | P73: 2021 | Q73: Yes | R73: Yes | S73: 1878 | T73: No | U73: No | V73: Yes | W73: yes | X73: No | Y73: Yes | Z73: Yes | AA73: Yes | AB73: Yes | AD73: 4 | AE73: ชัยวัฒน์ จารุกรุณา (วัฒน์)
A74: salisa.cha@trrgroup.com | B74: Salisa Chaichompoo | C74: No | D74: HQ-TRR-P006 | E74: HQ-TRR-M002 | F74: DELL | G74: E2417H | H74: MYFWK99Q1K6L | I74: - | J74: - | K74: - | L74: - | M74: Windows 10 | N74: Yes | O74: 22H2 (19045.6093) | P74: 2016 | Q74: Yes | R74: Yes | S74: 1213 | T74: No | U74: No | V74: Yes | W74: yes | X74: No | Y74: Yes | Z74: Yes | AA74: Yes | AB74: Yes | AD74: 5 | AE74: วัชระ คิดโสดา (แจ็ค)
A75: nutcha.saw@trrgroup.com | B75: Nutcha Saweangthong | C75: No | D75: HQ-TRR-N056 | E75: HQ-TRR-M003 | F75: DELL | G75: SE2419HR | H75: BWK6V33 | I75: - | J75: - | K75: - | L75: - | M75: Windows 10 | N75: Yes | O75: 22H2 (19045.5737) | P75: MS 365 | Q75: Yes | R75: Yes | S75: 1269 | T75: No | U75: No | V75: Yes | W75: yes | X75: No | Y75: Yes | Z75: Yes | AA75: Yes | AB75: Yes | AD75: 4 | AE75: ชัยวัฒน์ จารุกรุณา (วัฒน์)
A76: chayapol.lam@trrgroup.com | B76: Chayapol Lamchalard | C76: No | D76: HQ-TRR-N145 | E76: HQ-TRR-M004 | F76: SAMSUNG | G76: S24F350 | H76: H4ZH600865 | I76: - | J76: - | K76: - | L76: - | M76: Windows 10 | N76: Yes | O76: 22H2 (19045.5737) | P76: MS 365 | Q76: Yes | R76: Yes | S76: 1864 | T76: No | U76: No | V76: Yes | W76: yes | X76: No | Y76: Yes | Z76: Yes | AA76: Yes | AB76: Yes | AD76: 4 | AE76: ชัยวัฒน์ จารุกรุณา (วัฒน์)
A77: asami.ued@trrgroup.com | B77: Asami Ueda | C77: No | D77: HQ-TRR-N020 | E77: HQ-TRR-M005 | F77: SAMSUNG | G77: LS24AG32x | H77: H9JW400769 | I77: - | J77: - | K77: - | L77: - | M77: Windows 10 | N77: Yes | O77: 22H2 (19045.5737) | P77: 2021 | Q77: Yes | R77: Yes | S77: 1854 | T77: No | U77: No | V77: Yes | W77: yes | X77: No | Y77: Yes | Z77: Yes | AA77: Yes | AB77: Yes | AD77: 4 | AE77: ชัยวัฒน์ จารุกรุณา (วัฒน์)
A78: supalak.noe@trrgroup.com | B78: Supalak Noeikham | C78: No | D78: HQ-TRR-N016 | E78: HQ-TRR-M006 | F78: SAMSUNG | G78: LS24AG32x | H78: H9JW400765 | I78: - | J78: - | K78: - | L78: - | M78: Windows 10 | N78: Yes | O78: 22H2 (19045.5737) | P78: MS 365 | Q78: Yes | R78: Yes | S78: 1851 | T78: No | U78: No | V78: Yes | W78: yes | X78: No | Y78: Yes | Z78: Yes | AA78: Yes | AB78: Yes | AD78: 5 | AE78: วัชระ คิดโสดา (แจ็ค)
A79: chalida.kon@trrgroup.com | B79: Chalida Kongtraiphob | C79: No | D79: HQ-TRR-N130 | E79: HQ-TRR-M007 | F79: SAMSUNG | G79: LS24AG32x | H79: H9JW400796 | I79: - | J79: - | K79: - | L79: - | M79: Windows 10 | N79: No | O79: 22H2 (19045.6093) | P79: 2016 | Q79: No | R79: Yes | S79: 1853 | T79: No | U79: No | V79: Yes | W79: yes | X79: No | Y79: Yes | Z79: Yes | AA79: Yes | AB79: Yes | AD79: 5 | AE79: วัชระ คิดโสดา (แจ็ค)
A80: yupared.pan@trrgroup.com | B80: Yupared Panlertjamnun | C80: No | D80: HQ-TRR-N146 | E80: HQ-TRR-M008 | F80: SAMSUNG | G80: S24F350 | H80: H4ZH600518 | I80: - | J80: - | K80: - | L80: - | M80: Windows 10 | N80: Yes | O80: 22H2 (19045.6093) | P80: MS 365 | Q80: Yes | R80: Yes | S80: 1859 | T80: No | U80: No | V80: Yes | W80: yes | X80: No | Y80: Yes | Z80: Yes | AA80: Yes | AB80: Yes | AD80: 5 | AE80: วัชระ คิดโสดา (แจ็ค)
... A88: poramut.cha@trrgroup.com | B88: Poramut Chakjalansub | C88: No | D88: HQ-TRR-N103 | E88: HQ-TRR-M016 | F88: DELL | G88: S2421HN | H88: 6H8Y1H3 | I88: - | J88: - | K88: - | L88: - | M88: Windows 11 | N88: Yes | O88: 24H2 (26100.4652) | P88: MS 365 | Q88: Yes | R88: Yes | S88: - | T88: No | U88: No | V88: Yes | W88: yes | X88: No | Y88: Yes | Z88: Yes | AA88: Yes | AB88: Yes | AD88: 4 | AE88: ชัยวัฒน์ จารุกรุณา (วัฒน์)
A89: chiranan.rue@trrgroup.com | B89: Chiranan Rueangchai | C89: No | D89: HQ-TRR-N136 | E89: HQ-TRR-M017 | F89: SAMSUNG | G89: S24F350 | H89: H4ZJC02290 | I89: - | J89: - | K89: - | L89: - | M89: Windows 11 | N89: Yes | O89: 24H2 (26100.4770) | P89: 2021 | Q89: Yes | R89: Yes | S89: 1251 | T89: No | U89: No | V89: Yes | W89: yes | X89: No | Y89: Yes | Z89: Yes | AA89: Yes | AB89: Yes | AC89: DT: HQ-TRR-N103 HQ-TRR-P006 | AD89: 5 | AE89: วัชระ คิดโสดา (แจ็ค)
A90: wiraya.srip@trrgroup.com | B90: Wiraya Sripupan | C90: No | D90: HQ-TRR-N175 | E90: HQ-TRR-M018 | F90: DELL | G90: S2421HN | H90: 5TDKX83 | I90: - | J90: - | K90: - | L90: - | M90: Windows 11 | N90: Yes | O90: 24H2 (26100.4770) | P90: MS 365 | Q90: Yes | R90: Yes | S90: 1875 | T90: No | U90: No | V90: Yes | W90: yes | X90: No | Y90: Yes | Z90: Yes | AA90: Yes | AB90: Yes | AD90: 5 | AE90: วัชระ คิดโสดา (แจ็ค)
A91: paweena.phu@trrgroup.com | B91: Paweena Phutiutt | C91: No | D91: HQ-TRR-N150 | E91: HQ-TRR-M019 | F91: SAMSUNG | G91: S24F350 | H91: H4ZJ900174 | I91: - | J91: - | K91: - | L91: - | M91: Windows 10 | N91: Yes | O91: 22H2 (19045.5854) | P91: MS 365 | Q91: Yes | R91: Yes | S91: 1874 | T91: No | U91: No | V91: Yes | W91: yes | X91: No | Y91: Yes | Z91: Yes | AA91: Yes | AB91: Yes | AD91: 5 | AE91: วัชระ คิดโสดา (แจ็ค)
A92: bgoff@trrgroup.com | B92: bg off | C92: No | D92: HQ-TRR-N181 | E92: HQ-TRR-M020 | F92: SAMSUNG | G92: LS24C33xG | H92: H9TW700561 | I92: - | J92: - | K92: - | L92: - | M92: Windows 11 | N92: Yes | O92: 24H2 (26100.4770) | P92: MS 365 | Q92: Yes | R92: Yes | S92: 1872 | T92: No | U92: No | V92: Yes | W92: yes | X92: No | Y92: Yes | Z92: Yes | AA92: Yes | AB92: Yes | AD92: 5 | AE92: วัชระ คิดโสดา (แจ็ค)
A93: phoomjai.jar@trrgroup.com | B93: Phoomjai Jarunkittawee | C93: No | D93: HQ-TRR-N160 | E93: HQ-TRR-M021 | F93: SAMSUNG | G93: S24F350 | H93: H4ZJ800943 | I93: - | J93: - | K93: - | L93: - | M93: Windows 10 | N93: Yes | O93: 22H2 (19045.5737) | P93: MS 365 | Q93: Yes | R93: Yes | S93: 1268 | T93: Yes | U93: No | V93: Yes | W93: yes | X93: No | Y93: Yes | Z93: Yes | AA93: Yes | AB93: Yes | AD93: 4 | AE93: ชัยวัฒน์ จารุกรุณา (วัฒน์)
A94: sumalee.sri@trrgroup.com | B94: Sumalee Srijaw | C94: No | D94: HQ-TRR-N055 | E94: HQ-TRR-M023 | F94: SAMSUNG | G94: S24D300 | H94: 1515864899 | I94: - | J94: - | K94: - | L94: - | M94: Windows 10 | N94: Yes | O94: 22H2 (19045.6093) | P94: MS 365 | Q94: Yes | R94: Yes | S94: 1261 | T94: No | U94: No | V94: Yes | W94: yes | X94: No | Y94: Yes | Z94: Yes | AA94: Yes | AB94: Yes | AD94: 5 | AE94: วัชระ คิดโสดา (แจ็ค)
A95: nirada.kla@trrgroup.com | B95: Nirada Klaiphan | C95: No | D95: HQ-TRR-N138 | E95: HQ-TRR-M025 | F95: DELL | G95: S2421HN | H95: G5Z9YG3 | I95: - | J95: - | K95: - | L95: - | M95: Windows 10 | N95: Yes | O95: 22H2 (19045.5965) | P95: MS 365 | Q95: Yes | R95: Yes | S95: 1221 | T95: No | U95: No | V95: Yes | W95: yes | X95: Yes | Y95: Yes | Z95: Yes | AA95: Yes | AB95: Yes | AD95: 5 | AE95: วัชระ คิดโสดา (แจ็ค)
A96: atiwat.tra@trrgroup.com | B96: Atiwat Tragoondet | C96: No | D96: HQ-TRR-N178 | E96: HQ-TRR-M028 | F96: DELL | G96: S2421HN | H96: 537D2H3 | M96: Windows 11 | N96: Yes | O96: 24H2 (26100.4652) | P96: MS 365 | Q96: Yes | R96: Yes | S96: 1217 | T96: No | U96: No | V96: Yes | W96: yes | X96: No | Y96: Yes | Z96: Yes | AA96: Yes | AB96: Yes | AD96: 5 | AE96: วัชระ คิดโสดา (แจ็ค)
A97: thitikarn.tha@trrgroup.com | B97: Thitikarn Thabthong | C97: No | D97: HQ-TRR-N039 | E97: HQ-TRR-M029 | F97: DELL | G97: S2421HN | H97: 38JX9P3 | I97: - | J97: - | K97: - | L97: - | M97: Windows 11 | N97: Yes | O97: 23H2 (22631.5335) | P97: MS 365 | Q97: Yes | R97: Yes | S97: 1873 | T97: Yes | U97: No | V97: Yes | W97: yes | X97: No | Y97: Yes | Z97: Yes | AA97: Yes | AB97: Yes | AC97: OKI 390 S/N: AK75039151H0 | AD97: 5 | AE97: วัชระ คิดโสดา (แจ็ค)
A98: tanakorn.cha@trrgroup.com | B98: Tanakorn Chartmontri | C98: No | D98: HQ-TRR-N134 | E98: HQ-TRR-M030 | F98: SAMSUNG | G98: LS24AG32x | H98: H9JW400826 | I98: - | J98: - | K98: - | L98: - | M98: Windows 10 | N98: Yes | O98: 22H2 (19045.5965) | P98: MS 365 | Q98: Yes | R98: Yes | S98: 1850 | T98: No | U98: No | V98: Yes | W98: yes | X98: No | Y98: Yes | Z98: Yes | AA98: Yes | AB98: Yes | AD98: 5 | AE98: วัชระ คิดโสดา (แจ็ค)
A99: valaiporn.vic@trrgroup.com | B99: Valaiporn Vichaikuldilok | C99: No | D99: HQ-TRR-N037 | E99: HQ-TRR-M032 | F99: LG | G99: GSM5AB8 | H99: 511INYD3A682 | I99: - | J99: - | K99: - | L99: - | M99: Windows 10 | N99: Yes | O99: 22H2 (19045.6093) | P99: MS 365 | Q99: Yes | R99: Yes | S99: 1260 | T99: No | U99: No | V99: Yes | W99: yes | X99: No | Y99: Yes | Z99: Yes | AA99: Yes | AB99: Yes | AD99: 4 | AE99: ชัยวัฒน์ จารุกรุณา (วัฒน์)
A100: panita.buc@trrgroup.com | B100: Panita Buchakun | C100: No | D100: HQ-TRR-N127 | E100: HQ-TRR-M034 | F100: DELL | G100: SE2419HR | H100: 8ZH6V33 | I100: - | J100: - | K100: - | L100: - | M100: Windows 11 | N100: Yes | O100: 24H2 (26100.4351) | P100: MS 365 | Q100: Yes | R100: Yes | S100: 1855 | T100: No | U100: No | V100: Yes | W100: yes | X100: No | Y100: Yes | Z100: Yes | AA100: Yes | AB100: Yes | AD100: 4 | AE100: ชัยวัฒน์ จารุกรุณา (วัฒน์)
A101: pornlapat.the@trrgroup.com | B101: Pornlapat Thepduang | C101: No | D101: HQ-TRR-N035 | E101: HQ-TRR-M035 | F101: DELL | G101: SE2717H | H101: N2Y5D83N0AKL | I101: - | J101: - | K101: - | L101: - | M101: Windows 10 | N101: Yes | O101: 22H2 (19045.6159) | P101: MS 365 | Q101: Yes | R101: Yes | S101: 1876 | T101: No | U101: No | V101: Yes | W101: yes | X101: No | Y101: Yes | Z101: Yes | AA101: Yes | AB101: Yes | AD101: 4 | AE101: ชัยวัฒน์ จารุกรุณา (วัฒน์)
A102: krittiya.sin@trrgroup.com | B102: Krittiya Singpolngam | C102: No | D102: HQ-TRRL-N005 | E102: HQ-TRRL-M002 | F102: Lenovo | G102: L24i-4A | H102: UMHP2YW4 | I102: - | J102: - | K102: - | L102: - | M102: Windows 11 | N102: Yes | O102: 24H2 (26100.4770) | P102: 2021 | Q102: Yes | R102: Yes | S102: 1202 | T102: No | U102: No | V102: Yes | W102: yes | X102: No | Y102: Yes | Z102: Yes | AA102: Yes | AB102: Yes | AD102: 5 | AE102: วัชระ คิดโสดา (แจ็ค)
A103: watchara.kid@trrgroup.com | B103: Watchara Kidsoda | C103: No | D103: HQ-TRRT-N014 | E103: HQ-TRRT-M001 | F103: Dell | G103: S2319H | H103: TXC0587Q188B | I103: - | J103: - | K103: - | L103: - | M103: Windows 11 | N103: Yes | O103: 24 H2 (26400.3915) | P103: 2021 | Q103: Yes | R103: Yes | S103: 1503 | T103: No | U103: No | V103: Yes | W103: yes | X103: Yes | Y103: Yes | Z103: Yes | AA103: Yes | AB103: Yes | AD103: 5 | AE103: วัชระ คิดโสดา (แจ็ค)
A104: chaiwat.jar@trrgroup.com | B104: Chaiwat Jarukaruna | C104: No | D104: HQ-TRRT-N009 | E104: HQ-TRRT-M002 | F104: DELL | G104: SE2422H | H104: 25LSGZ3 | I104: - | J104: - | K104: - | L104: - | M104: Windows 11 | N104: Yes | O104: 24H2 (26100.4652) | P104: 2021 | Q104: Yes | R104: Yes | S104: 1504 | T104: No | U104: No | V104: Yes | W104: yes | X104: No | Y104: Yes | Z104: Yes | AA104: Yes | AB104: Yes | AD104: 4 | AE104: ชัยวัฒน์ จารุกรุณา (วัฒน์)
A105: patchares.ruj@trrgroup.com | B105: Patchares Rujiradamrongchai | C105: No | D105: HQ-TRRT-N007 | E105: HQ-TRRT-M003 | F105: DELL | G105: S2319H | H105: TXC058CD0RVB | I105: - | J105: - | K105: - | L105: - | M105: Windows 11 | N105: No | O105: 24H2 (26100.3775) | P105: 2021 | Q105: Yes | R105: Yes | S105: 1543 | T105: No | U105: No | V105: Yes | W105: yes | X105: No | Y105: Yes | Z105: Yes | AA105: Yes | AB105: Yes | AD105: 5 | AE105: วัชระ คิดโสดา (แจ็ค)
A106: nawaporn.kli@trrgroup.com | B106: Nawaporn Klinpet | C106: No | D106: HQ-TRRT-N029 | E106: HQ-TRRT-M004 | F106: SAMSUNG | G106: S24D300 | H106: 1515864899 | I106: - | J106: - | K106: - | L106: - | M106: Windows 11 | N106: Yes | O106: 24H2 (26100.4652) | P106: MS 365 | Q106: Yes | R106: Yes | S106: 1502 | T106: No | U106: No | V106: Yes | W106: yes | X106: No | Y106: Yes | Z106: Yes | AA106: Yes | AB106: Yes | AD106: 5 | AE106: วัชระ คิดโสดา (แจ็ค)
A107: Naphapen.hon@trrgroup.com | B107: Naphapen Hongthong | C107: No | D107: HQ-TRRT-N019 | E107: HQ-TRRT-M007 | F107: DELL | G107: E2417H | H107: 9Y03XV2 | I107: - | J107: - | K107: - | L107: - | M107: Windows 10 | N107: Yes | O107: 22H2 (19045.5854) | P107: 2021 | Q107: Yes | R107: Yes | S107: 1509 | T107: No | U107: No | V107: Yes | W107: yes | X107: No | Y107: Yes | Z107: Yes | AA107: Yes | AB107: Yes | AD107: 5 | AE107: วัชระ คิดโสดา (แจ็ค)
A108: kerkrit.mee@trrgroup.com | B108: Kerkrit Meetib | C108: No | D108: HQ-TRRT-N001 | E108: HQ-TRRT-M008 | F108: DELL | G108: S2421H | H108: 9LLC8P3 | I108: - | J108: - | K108: - | L108: - | M108: Windows 11 | N108: Yes | O108: 24H2 (26100.3775) | P108: 2021 | Q108: Yes | R108: Yes | S108: 1509 | T108: No | U108: No | V108: Yes | W108: yes | X108: No | Y108: Yes | Z108: Yes | AA108: Yes | AB108: Yes | AD108: 5 | AE108: วัชระ คิดโสดา (แจ็ค)
A109: saowanee.wit@trrgroup.com | B109: Saowanee Witeeprai | C109: No | D109: HQ-TRRT-N021 | E109: HQ-TRRT-M010 | F109: DELL | G109: S2421HN | H109: 87YWC23 | I109: - | J109: - | K109: - | L109: - | M109: Windows 10 | N109: Yes | O109: 22H2 (19045.6216) | P109: 2021 | Q109: Yes | R109: Yes | S109: 1508 | T109: No | U109: No | V109: Yes | W109: yes | X109: No | Y109: Yes | Z109: Yes | AA109: Yes | AB109: No | AD109: 5 | AE109: วัชระ คิดโสดา (แจ็ค)
... A114: chalida.pul@trrgroup.com | B114: Chalida Pulkerd | C114: No | D114: HQ-TRRT-N015 | E114: HQ-TRRT-M015 | F114: DELL | G114: S2421H | H114: FKLC8P3 | I114: - | J114: - | K114: - | L114: - | M114: Windows 11 | N114: Yes | O114: MackBook Air | P114: Mac | Q114: No | R114: No | S114: 1508 | T114: No | U114: No | V114: Yes | W114: No | X114: No | Y114: No | Z114: No | AA114: No | AB114: No | AD114: 5 | AE114: วัชระ คิดโสดา (แจ็ค)
A115: jakkapob.sir@trrgroup.com | B115: Jakkapob Sirirungsakulwong | C115: No | D115: HQ-TRRT-N004 | E115: HQ-TRRT-M016 | F115: DELL | G115: S2319H | H115: 3QGHNR2 | I115: - | J115: - | K115: - | L115: - | M115: Windows 10 | N115: Yes | O115: 22H2 (19045.5737) | P115: 2021 | Q115: Yes | R115: Yes | T115: No | U115: No | V115: Yes | W115: yes | X115: No | Y115: Yes | Z115: Yes | AA115: Yes | AB115: Yes | AD115: 4 | AE115: ชัยวัฒน์ จารุกรุณา (วัฒน์)
A116: wasupon.kha@trrgroup.com | B116: Wasupon Khajornsilp | C116: No | D116: HQ-TRRT-N020 | E116: HQ-TRRT-M018 | F116: Lenovo | G116: L27e-30 | H116: UPB6FHR3 | I116: HQ-TRRT-M017 | J116: Lenovo | K116: L27e-30 | L116: UPB6FKT8 | M116: Windows 11 | N116: Yes | O116: 24H2 (26100.4770) | P116: 2021 | Q116: Yes | R116: Yes | S116: 1507 | T116: No | U116: No | V116: Yes | W116: yes | X116: No | Y116: Yes | Z116: Yes | AA116: Yes | AB116: Yes | AD116: 5 | AE116: วัชระ คิดโสดา (แจ็ค)
A117: tanut.cha@trrgroup.com | B117: Tanut Chaingam | C117: No | D117: HQ-TRRT-N005 | E117: HQ-TRRT-M019 | F117: DELL | G117: S2421HN | H117: 74Z9YG3 | I117: Tanut Chaingam Monitor | J117: ASUS | K117: VG279 | L117: JCLMQS052368 | M117: Windows 11 | N117: Yes | O117: 24H2 (26100.4652) | P117: 2021 | Q117: Yes | R117: Yes | S117: 1506 | T117: No | U117: No | V117: Yes | W117: yes | X117: No | Y117: Yes | Z117: Yes | AA117: Yes | AB117: Yes | AD117: 5 | AE117: วัชระ คิดโสดา (แจ็ค)
A118: preeyawat.inh@trrgroup.com | B118: Preeyawat Inhangwa | C118: No | D118: HQ-TRRT-N027 | E118: HQ-TRRT-M020 | F118: DELL | G118: SE2419HR | H118: GSS1143 | I118: - | J118: - | K118: - | L118: - | M118: Windows 11 | N118: Yes | O118: 24H2 (26100.4946) | P118: 2021 | Q118: Yes | R118: Yes | S118: - | T118: No | U118: No | V118: Yes | W118: yes | X118: No | Y118: Yes | Z118: Yes | AA118: Yes | AB118: Yes | AD118: 4 | AE118: ชัยวัฒน์ จารุกรุณา (วัฒน์)
A119: krit.suw@trrgroup.com | B119: Krit Suwanpoosaporn | C119: No | D119: HQ-TRRT-N028 | E119: HQ-TRRT-M022 | F119: DELL | G119: U2419H | H119: DG36X13 | I119: - | J119: - | K119: - | L119: - | M119: Windows 7 | N119: Yes | O119: MacOS BigSur 11.2 | P119: MS 365 | Q119: Yes | R119: No | S119: 1501 | T119: No | U119: No | V119: No | W119: No | X119: No | Y119: No | Z119: No | AA119: No | AB119: No | AD119: 5 | AE119: วัชระ คิดโสดา (แจ็ค)
A120: khwanchai.tho@trrgroup.com | B120: Khwanchai Thongchart | C120: No | D120: HQ-TRRT-N026 | E120: HQ-TRRT-M021 | F120: dell | G120: S2319H | H120: TXC0586Q02PB | I120: - | J120: - | K120: - | L120: - | M120: Windows 11 | N120: Yes | O120: 24H2 (26100.4946) | P120: 2021 | Q120: Yes | R120: Yes | S120: 1510 | T120: No | U120: No | V120: Yes | W120: yes | X120: No | Y120: Yes | Z120: Yes | AA120: Yes | AB120: Yes | AD120: 5 | AE120: วัชระ คิดโสดา (แจ็ค)
A121: kanoknapa.pet@trrgroup.com | B121: Kanoknapa Petchanpa | C121: No | D121: HQ-TRRCORP-N102 | E121: HQ-TRRCORP-M007 | F121: DELL | G121: E2425HM | H121: JBX5B34 | I121: - | J121: - | K121: - | L121: - | M121: Windows 11 | N121: Yes | O121: 24H2 (26100.4946) | P121: 2021 | Q121: Yes | R121: Yes | S121: - | T121: No | U121: No | V121: Yes | W121: yes | X121: Yes | Y121: Yes | Z121: Yes | AA121: Yes | AB121: Yes | AD121: 5 | AE121: วัชระ คิดโสดา (แจ็ค)
A122: chalisa.pra@trrgroup.com | B122: Chalisa Prasertpiyakul | C122: No | D122: HQ-TRRCORP-N103 | E122: HQ-TRRCORP-M012 | F122: DELL | G122: E2425HM | H122: GXS5B34 | I122: - | J122: - | K122: - | L122: - | M122: Windows 11 | N122: Yes | O122: 24H2 (26100.4946) | P122: 2021 | Q122: Yes | R122: Yes | S122: - | T122: No | U122: No | V122: Yes | W122: yes | X122: No | Y122: Yes | Z122: Yes | AA122: Yes | AB122: Yes | AD122: 4 | AE122: ชัยวัฒน์ จารุกรุณา (วัฒน์)
A123: janjira.fan@trrgroup.com | B123: Janjira Fangern | C123: No | D123: HQ-TRRCORP-N104 | E123: HQ-TRRCORP-M011 | F123: DELL | G123: E2425HM | H123: 85X5B34 | I123: - | J123: - | K123: - | L123: - | M123: Windows 11 | N123: Yes | O123: 24H2 (26100.5074) | P123: 2021 | Q123: Yes | R123: Yes | S123: - | T123: No | U123: No | V123: Yes | W123: yes | X123: No | Y123: Yes | Z123: Yes | AA123: Yes | AB123: Yes | AD123: 5 | AE123: วัชระ คิดโสดา (แจ็ค)
A124: lumduan.mou@trrgroup.com | B124: Lumduan Moulchoo | C124: No | D124: HQ-TRRCORP-N012 | E124: HQ-TRRCORP-M014 | F124: DELL | G124: S2319H | H124: TXC058920CHT | I124: - | J124: - | K124: - | L124: - | M124: Windows 11 | N124: Yes | O124: 24H2 (26100.3915) | P124: 2016 | Q124: No | R124: Yes | S124: 1861 | T124: No | U124: No | V124: Yes | W124: yes | X124: No | Y124: Yes | Z124: Yes | AA124: Yes | AB124: Yes | AD124: 5 | AE124: วัชระ คิดโสดา (แจ็ค)
A125: sarita.phi@trrgroup.com | B125: Sarita Phiophueak | C125: No | D125: HQ-TRRCORP-N051 | E125: HQ-TRRCORP-M015 | F125: DELL | G125: SE2419HR | H125: DZQHV33 | I125: - | J125: - | K125: - | L125: - | M125: Windows 11 | N125: Yes | O125: 24H2 (26100.5074) | P125: MS 365 | Q125: Yes | R125: Yes | S125: 1250 | T125: No | U125: No | V125: Yes | W125: yes | X125: No | Y125: Yes | Z125: Yes | AA125: Yes | AB125: Yes | AD125: 5 | AE125: วัชระ คิดโสดา (แจ็ค)
A126: araya.nal@trrgroup.com | B126: Araya Nalongprom | C126: Yes | D126: HQ-TRRCORP-N019 | E126: HQ-TRRCORP-M016 | F126: DELL | G126: S2319H | H126: TXC0591G074T | I126: - | J126: - | K126: - | L126: - | M126: Windows 11 | N126: Yes | O126: 24H2 (26100.4652) | P126: MS 365 | Q126: Yes | R126: Yes | S126: 1215 | T126: No | U126: Yes | V126: Yes | W126: yes | X126: No | Y126: Yes | Z126: Yes | AA126: Yes | AB126: Yes | AC126: HQ-TRRB-N019 | AD126: 5 | AE126: วัชระ คิดโสดา (แจ็ค)
A127: nipawan.yim@trrgroup.com | B127: Nipawan Yimruk | C127: Yes | D127: HQ-TRRCORP-N003 | E127: HQ-TRRCORP-M017 | F127: DELL | G127: S2421HN | H127: F706W83 | I127: - | J127: - | K127: - | L127: - | M127: Windows 11 | N127: Yes | O127: 24H2 (26100.4351) | P127: MS 365 | Q127: Yes | R127: Yes | S127: 1223 | T127: No | U127: No | V127: Yes | W127: yes | X127: No | Y127: Yes | Z127: Yes | AA127: Yes | AB127: Yes | AC127: HQ-TRRB-N003 | AD127: 5 | AE127: วัชระ คิดโสดา (แจ็ค)
A128: karan.san@trrgroup.com | B128: Karan Santiarayatham | C128: No | D128: HQ-TRRCORP-N094 | E128: HQ-TRRCORP-M007 | F128: Lenovo | G128: L24i-4A | H128: UMHP2YW8 | I128: - | J128: - | K128: - | L128: - | M128: Windows 11 | N128: Yes | O128: 24H2(26100.5074) | P128: MS 365 | Q128: Yes | R128: Yes | S128: 1842 | T128: No | U128: No | V128: Yes | W128: yes | X128: No | Y128: Yes | Z128: Yes | AA128: Yes | AB128: Yes | AD128: 5 | AE128: วัชระ คิดโสดา (แจ็ค)
A129: santi.aka@trrgroup.com | B129: Santi Akarathirakawin | C129: Yes | D129: HQ-TRR-N024 | E129: - | F129: - | G129: - | H129: - | I129: - | J129: - | K129: - | L129: - | M129: Windows 11 | N129: Yes | O129: 23H2 | P129: MS 365 | Q129: Yes | R129: Yes | S129: - | T129: No | U129: No | V129: Yes | W129: yes | X129: Yes | Y129: Yes | Z129: Yes | AA129: Yes | AB129: Yes | AD129: 5 | AE129: คมกฤษ สีเงิน (หมึก)
A130: itcenter@trrgroup.com | B130: IT Center | C130: Yes | D130: H-TRRT-N004 | E130: HQ-TRRT-M016 | F130: Dell | G130: S2319H | H130: TXC0591G0ONT | I130: - | J130: - | K130: - | L130: - | M130: Windows 11 | N130: Yes | O130: 25H2 | P130: 2021 | Q130: Yes | R130: Yes | S130: - | T130: No | U130: No | V130: Yes | W130: yes | X130: Yes | Y130: Yes | Z130: Yes | AA130: Yes | AB130: Yes | AC130: - | AD130: 5 | AE130: คมกฤษ สีเงิน (หมึก)
A131: nirada.kla@trrgroup.com | B131: Nirada Klaiphan | C131: Yes | D131: TRRHQ-NB-1007 | E131: - | F131: - | G131: - | H131: - | I131: - | J131: - | K131: - | L131: - | M131: Windows 11 | N131: Yes | O131: 25H2 | P131: MS 365 | Q131: Yes | R131: Yes | S131: - | T131: No | U131: No | V131: Yes | W131: yes | X131: Yes | Y131: Yes | Z131: Yes | AA131: Yes | AB131: Yes | AC131: - | AD131: 4 | AE131: คมกฤษ สีเงิน (หมึก)

Sheet Dashboard
A1: PM Asset IT Schedule
A2: TRRT
B4: Project Start Date | C4: 45824 | I4: Display Week | J4: 8 | M4: ="Week "&(M6-($C$4-WEEKDAY($C$4,1)+2))/7+1 -> Week 8 | T4: ="Week "&(T6-($C$4-WEEKDAY($C$4,1)+2))/7+1 -> Week 9 | AA4: ="Week "&(AA6-($C$4-WEEKDAY($C$4,1)+2))/7+1 -> Week 10 | AH4: ="Week "&(AH6-($C$4-WEEKDAY($C$4,1)+2))/7+1 -> Week 11 | AO4: ="Week "&(AO6-($C$4-WEEKDAY($C$4,1)+2))/7+1 -> Week 12 | AV4: ="Week "&(AV6-($C$4-WEEKDAY($C$4,1)+2))/7+1 -> Week 13 | BC4: ="Week "&(BC6-($C$4-WEEKDAY($C$4,1)+2))/7+1 -> Week 14 | BJ4: ="Week "&(BJ6-($C$4-WEEKDAY($C$4,1)+2))/7+1 -> Week 15
B5: Device All : ใช้งาน | C5: =D8+D20+D22+D25+D36+D40+D43+D47+D63 -> #REF! | D5: Completed | E5: =COUNTIFS(#REF!,$D$5) -> #REF! | F5: Remaining | G5: =IF(C5=0,"",C5-E5) -> #REF! | M5: =M6 -> 45873 | T5: =T6 -> 45880 | AA5: =AA6 -> 45887 | AH5: =AH6 -> 45894 | AO5: =AO6 -> 45901 | AV5: =AV6 -> 45908 | BC5: =BC6 -> 45915 | BJ5: =BJ6 -> 45922
M6: =C4-WEEKDAY(C4,1)+2+7*(J4-1) -> 45873 | N6: =M6+1 -> 45874 | O6: =N6+1 -> 45875 | P6: =O6+1 -> 45876 | Q6: =P6+1 -> 45877 | R6: =Q6+1 -> 45878 | S6: =R6+1 -> 45879 | T6: =S6+1 -> 45880 | U6: =T6+1 -> 45881 | ... BP6: =BO6+1 -> 45928 | BR6: Completed
A7: WBS | B7: TASK | C7: LEAD | D7: Device | E7: Completed | F7: คงเหลือ | G7: START | H7: END | I7: DAYS | J7: % DONE | K7: WORK DAYS | M7: =CHOOSE(WEEKDAY(M6,1),"S","M","T","W","T","F","S") -> M | N7: =CHOOSE(WEEKDAY(N6,1),"S","M","T","W","T","F","S") -> T | O7: =CHOOSE(WEEKDAY(O6,1),"S","M","T","W","T","F","S") -> W | P7: =CHOOSE(WEEKDAY(P6,1),"S","M","T","W","T","F","S") -> T | Q7: =CHOOSE(WEEKDAY(Q6,1),"S","M","T","W","T","F","S") -> F | R7: =CHOOSE(WEEKDAY(R6,1),"S","M","T","W","T","F","S") -> S | S7: =CHOOSE(WEEKDAY(S6,1),"S","M","T","W","T","F","S") -> S | T7: =CHOOSE(WEEKDAY(T6,1),"S","M","T","W","T","F","S") -> M | ... BP7: =CHOOSE(WEEKDAY(BP6,1),"S","M","T","W","T","F","S") -> S | BR7: Progress
A8: =IF(ISERROR(VALUE(SUBSTITUTE(prevWBS,".",""))),"1",IF(ISERROR(FIND("`",SUBSTITUTE(prevWBS,".","`",1))),TEXT(VALUE(prevWBS)+1,"#"),TEXT(VALUE(LEFT(prevWBS,FIND("`",SUBSTITUTE(prevWBS,".","`",1))-1))+1,"#"))) -> 1 | B8: TRR Corp | D8: =SUM(D9:D19) -> #REF! | E8: =SUM(E9:E19) -> #REF! | F8: =SUM(F9:F19) -> #REF! | H8: =IF(ISBLANK(G8)," - ",IF(I8=0,G8,G8+I8-1)) -> - | I8: =SUM(I9:I19) -> 40 | K8: =IF(OR(H8=0,G8=0)," - ",NETWORKDAYS(G8,H8)) -> -
A9: =IF(ISERROR(VALUE(SUBSTITUTE(prevWBS,".",""))),"0.1",IF(ISERROR(FIND("`",SUBSTITUTE(prevWBS,".","`",1))),prevWBS&".1",LEFT(prevWBS,FIND("`",SUBSTITUTE(prevWBS,".","`",1)))&IF(ISERROR(FIND("`",SUBSTITUTE(prevWBS,".","`",2))),VALUE(RIGHT(prevWBS,LEN(prevWBS)-FIND("`",SUBSTITUTE(prevWBS,".","`",1))))+1,VALUE(MID(prevWBS,FIND("`",SUBSTITUTE(prevWBS,".","`",1))+1,(FIND("`",SUBSTITUTE(prevWBS,".","`",2))-FIND("`",SUBSTITUTE(prevWBS,".","`",1))-1)))+1))) -> 1.1 | B9: ACC | C9: IT Support | D9: =COUNTIFS(#REF!,$B9,#REF!,$B$8,#REF!,"ใช้งาน") -> #REF! | E9: =COUNTIFS(#REF!,$B9,#REF!,$B$8,#REF!,Dashboard!$E$7) -> #REF! | F9: =D9-E9 -> #REF! | H9: =IF(ISBLANK(G9)," - ",IF(I9=0,G9,G9+I9-1)) -> - | I9: 10 | J9: =E9*100%/D9 -> #REF! | K9: =IF(OR(H9=0,G9=0)," - ",NETWORKDAYS(G9,H9)) -> -
A10: =IF(ISERROR(VALUE(SUBSTITUTE(prevWBS,".",""))),"0.1",IF(ISERROR(FIND("`",SUBSTITUTE(prevWBS,".","`",1))),prevWBS&".1",LEFT(prevWBS,FIND("`",SUBSTITUTE(prevWBS,".","`",1)))&IF(ISERROR(FIND("`",SUBSTITUTE(prevWBS,".","`",2))),VALUE(RIGHT(prevWBS,LEN(prevWBS)-FIND("`",SUBSTITUTE(prevWBS,".","`",1))))+1,VALUE(MID(prevWBS,FIND("`",SUBSTITUTE(prevWBS,".","`",1))+1,(FIND("`",SUBSTITUTE(prevWBS,".","`",2))-FIND("`",SUBSTITUTE(prevWBS,".","`",1))-1)))+1))) -> 1.2 | B10: FIN | C10: IT Support | D10: =COUNTIFS(#REF!,$B10,#REF!,$B$8,#REF!,"ใช้งาน") -> #REF! | E10: =COUNTIFS(#REF!,$B10,#REF!,$B$8,#REF!,Dashboard!$E$7) -> #REF! | F10: =D10-E10 -> #REF! | H10: =IF(ISBLANK(G10)," - ",IF(I10=0,G10,G10+I10-1)) -> - | I10: 3 | J10: =E10*100%/D10 -> #REF! | K10: =IF(OR(H10=0,G10=0)," - ",NETWORKDAYS(G10,H10)) -> -
A11: =IF(ISERROR(VALUE(SUBSTITUTE(prevWBS,".",""))),"0.1",IF(ISERROR(FIND("`",SUBSTITUTE(prevWBS,".","`",1))),prevWBS&".1",LEFT(prevWBS,FIND("`",SUBSTITUTE(prevWBS,".","`",1)))&IF(ISERROR(FIND("`",SUBSTITUTE(prevWBS,".","`",2))),VALUE(RIGHT(prevWBS,LEN(prevWBS)-FIND("`",SUBSTITUTE(prevWBS,".","`",1))))+1,VALUE(MID(prevWBS,FIND("`",SUBSTITUTE(prevWBS,".","`",1))+1,(FIND("`",SUBSTITUTE(prevWBS,".","`",2))-FIND("`",SUBSTITUTE(prevWBS,".","`",1))-1)))+1))) -> 1.3 | B11: HR | C11: IT Support | D11: =COUNTIFS(#REF!,$B11,#REF!,$B$8,#REF!,"ใช้งาน") -> #REF! | E11: =COUNTIFS(#REF!,$B11,#REF!,$B$8,#REF!,Dashboard!$E$7) -> #REF! | F11: =D11-E11 -> #REF! | H11: =IF(ISBLANK(G11)," - ",IF(I11=0,G11,G11+I11-1)) -> - | I11: 3 | J11: =E11*100%/D11 -> #REF! | K11: =IF(OR(H11=0,G11=0)," - ",NETWORKDAYS(G11,H11)) -> -
A12: =IF(ISERROR(VALUE(SUBSTITUTE(prevWBS,".",""))),"0.1",IF(ISERROR(FIND("`",SUBSTITUTE(prevWBS,".","`",1))),prevWBS&".1",LEFT(prevWBS,FIND("`",SUBSTITUTE(prevWBS,".","`",1)))&IF(ISERROR(FIND("`",SUBSTITUTE(prevWBS,".","`",2))),VALUE(RIGHT(prevWBS,LEN(prevWBS)-FIND("`",SUBSTITUTE(prevWBS,".","`",1))))+1,VALUE(MID(prevWBS,FIND("`",SUBSTITUTE(prevWBS,".","`",1))+1,(FIND("`",SUBSTITUTE(prevWBS,".","`",2))-FIND("`",SUBSTITUTE(prevWBS,".","`",1))-1)))+1))) -> 1.4 | B12: SAL | C12: IT Support | D12: =COUNTIFS(#REF!,$B12,#REF!,$B$8,#REF!,"ใช้งาน") -> #REF! | E12: =COUNTIFS(#REF!,$B12,#REF!,$B$8,#REF!,Dashboard!$E$7) -> #REF! | F12: =D12-E12 -> #REF! | H12: =IF(ISBLANK(G12)," - ",IF(I12=0,G12,G12+I12-1)) -> - | I12: 3 | J12: =E12*100%/D12 -> #REF! | K12: =IF(OR(H12=0,G12=0)," - ",NETWORKDAYS(G12,H12)) -> -
A13: =IF(ISERROR(VALUE(SUBSTITUTE(prevWBS,".",""))),"0.1",IF(ISERROR(FIND("`",SUBSTITUTE(prevWBS,".","`",1))),prevWBS&".1",LEFT(prevWBS,FIND("`",SUBSTITUTE(prevWBS,".","`",1)))&IF(ISERROR(FIND("`",SUBSTITUTE(prevWBS,".","`",2))),VALUE(RIGHT(prevWBS,LEN(prevWBS)-FIND("`",SUBSTITUTE(prevWBS,".","`",1))))+1,VALUE(MID(prevWBS,FIND("`",SUBSTITUTE(prevWBS,".","`",1))+1,(FIND("`",SUBSTITUTE(prevWBS,".","`",2))-FIND("`",SUBSTITUTE(prevWBS,".","`",1))-1)))+1))) -> 1.5 | B13: PLN | C13: IT Support | D13: =COUNTIFS(#REF!,$B13,#REF!,$B$8,#REF!,"ใช้งาน") -> #REF! | E13: =COUNTIFS(#REF!,$B13,#REF!,$B$8,#REF!,Dashboard!$E$7) -> #REF! | F13: =D13-E13 -> #REF! | H13: =IF(ISBLANK(G13)," - ",IF(I13=0,G13,G13+I13-1)) -> - | I13: 5 | J13: =E13*100%/D13 -> #REF! | K13: =IF(OR(H13=0,G13=0)," - ",NETWORKDAYS(G13,H13)) -> -
A14: =IF(ISERROR(VALUE(SUBSTITUTE(prevWBS,".",""))),"0.1",IF(ISERROR(FIND("`",SUBSTITUTE(prevWBS,".","`",1))),prevWBS&".1",LEFT(prevWBS,FIND("`",SUBSTITUTE(prevWBS,".","`",1)))&IF(ISERROR(FIND("`",SUBSTITUTE(prevWBS,".","`",2))),VALUE(RIGHT(prevWBS,LEN(prevWBS)-FIND("`",SUBSTITUTE(prevWBS,".","`",1))))+1,VALUE(MID(prevWBS,FIND("`",SUBSTITUTE(prevWBS,".","`",1))+1,(FIND("`",SUBSTITUTE(prevWBS,".","`",2))-FIND("`",SUBSTITUTE(prevWBS,".","`",1))-1)))+1))) -> 1.6 | B14: IT | C14: IT Support | D14: =COUNTIFS(#REF!,$B14,#REF!,$B$8,#REF!,"ใช้งาน") -> #REF! | E14: =COUNTIFS(#REF!,$B14,#REF!,$B$8,#REF!,Dashboard!$E$7) -> #REF! | F14: =D14-E14 -> #REF! | H14: =IF(ISBLANK(G14)," - ",IF(I14=0,G14,G14+I14-1)) -> - | I14: 2 | J14: =E14*100%/D14 -> #REF! | K14: =IF(OR(H14=0,G14=0)," - ",NETWORKDAYS(G14,H14)) -> -
A15: =IF(ISERROR(VALUE(SUBSTITUTE(prevWBS,".",""))),"0.1",IF(ISERROR(FIND("`",SUBSTITUTE(prevWBS,".","`",1))),prevWBS&".1",LEFT(prevWBS,FIND("`",SUBSTITUTE(prevWBS,".","`",1)))&IF(ISERROR(FIND("`",SUBSTITUTE(prevWBS,".","`",2))),VALUE(RIGHT(prevWBS,LEN(prevWBS)-FIND("`",SUBSTITUTE(prevWBS,".","`",1))))+1,VALUE(MID(prevWBS,FIND("`",SUBSTITUTE(prevWBS,".","`",1))+1,(FIND("`",SUBSTITUTE(prevWBS,".","`",2))-FIND("`",SUBSTITUTE(prevWBS,".","`",1))-1)))+1))) -> 1.7 | B15: SEC | C15: IT Support | D15: =COUNTIFS(#REF!,$B15,#REF!,$B$8,#REF!,"ใช้งาน") -> #REF! | E15: =COUNTIFS(#REF!,$B15,#REF!,$B$8,#REF!,Dashboard!$E$7) -> #REF! | F15: =D15-E15 -> #REF! | H15: =IF(ISBLANK(G15)," - ",IF(I15=0,G15,G15+I15-1)) -> - | I15: 1 | J15: =E15*100%/D15 -> #REF! | K15: =IF(OR(H15=0,G15=0)," - ",NETWORKDAYS(G15,H15)) -> -
A16: =IF(ISERROR(VALUE(SUBSTITUTE(prevWBS,".",""))),"0.1",IF(ISERROR(FIND("`",SUBSTITUTE(prevWBS,".","`",1))),prevWBS&".1",LEFT(prevWBS,FIND("`",SUBSTITUTE(prevWBS,".","`",1)))&IF(ISERROR(FIND("`",SUBSTITUTE(prevWBS,".","`",2))),VALUE(RIGHT(prevWBS,LEN(prevWBS)-FIND("`",SUBSTITUTE(prevWBS,".","`",1))))+1,VALUE(MID(prevWBS,FIND("`",SUBSTITUTE(prevWBS,".","`",1))+1,(FIND("`",SUBSTITUTE(prevWBS,".","`",2))-FIND("`",SUBSTITUTE(prevWBS,".","`",1))-1)))+1))) -> 1.8 | B16: LAW | C16: IT Support | D16: =COUNTIFS(#REF!,$B16,#REF!,$B$8,#REF!,"ใช้งาน") -> #REF! | E16: =COUNTIFS(#REF!,$B16,#REF!,$B$8,#REF!,Dashboard!$E$7) -> #REF! | F16: =D16-E16 -> #REF! | H16: =IF(ISBLANK(G16)," - ",IF(I16=0,G16,G16+I16-1)) -> - | I16: 2 | J16: =E16*100%/D16 -> #REF! | K16: =IF(OR(H16=0,G16=0)," - ",NETWORKDAYS(G16,H16)) -> -
A17: =IF(ISERROR(VALUE(SUBSTITUTE(prevWBS,".",""))),"0.1",IF(ISERROR(FIND("`",SUBSTITUTE(prevWBS,".","`",1))),prevWBS&".1",LEFT(prevWBS,FIND("`",SUBSTITUTE(prevWBS,".","`",1)))&IF(ISERROR(FIND("`",SUBSTITUTE(prevWBS,".","`",2))),VALUE(RIGHT(prevWBS,LEN(prevWBS)-FIND("`",SUBSTITUTE(prevWBS,".","`",1))))+1,VALUE(MID(prevWBS,FIND("`",SUBSTITUTE(prevWBS,".","`",1))+1,(FIND("`",SUBSTITUTE(prevWBS,".","`",2))-FIND("`",SUBSTITUTE(prevWBS,".","`",1))-1)))+1))) -> 1.9 | B17: Project | C17: IT Support | D17: =COUNTIFS(#REF!,$B17,#REF!,$B$8,#REF!,"ใช้งาน") -> #REF! | E17: =COUNTIFS(#REF!,$B17,#REF!,$B$8,#REF!,Dashboard!$E$7) -> #REF! | F17: =D17-E17 -> #REF! | H17: =IF(ISBLANK(G17)," - ",IF(I17=0,G17,G17+I17-1)) -> - | I17: 4 | J17: =E17*100%/D17 -> #REF! | K17: =IF(OR(H17=0,G17=0)," - ",NETWORKDAYS(G17,H17)) -> -
A18: =IF(ISERROR(VALUE(SUBSTITUTE(prevWBS,".",""))),"0.1",IF(ISERROR(FIND("`",SUBSTITUTE(prevWBS,".","`",1))),prevWBS&".1",LEFT(prevWBS,FIND("`",SUBSTITUTE(prevWBS,".","`",1)))&IF(ISERROR(FIND("`",SUBSTITUTE(prevWBS,".","`",2))),VALUE(RIGHT(prevWBS,LEN(prevWBS)-FIND("`",SUBSTITUTE(prevWBS,".","`",1))))+1,VALUE(MID(prevWBS,FIND("`",SUBSTITUTE(prevWBS,".","`",1))+1,(FIND("`",SUBSTITUTE(prevWBS,".","`",2))-FIND("`",SUBSTITUTE(prevWBS,".","`",1))-1)))+1))) -> 1.10 | B18: MD | C18: IT Support | D18: =COUNTIFS(#REF!,$B18,#REF!,$B$8,#REF!,"ใช้งาน") -> #REF! | E18: =COUNTIFS(#REF!,$B18,#REF!,$B$8,#REF!,Dashboard!$E$7) -> #REF! | F18: =D18-E18 -> #REF! | H18: =IF(ISBLANK(G18)," - ",IF(I18=0,G18,G18+I18-1)) -> - | I18: 2 | J18: =E18*100%/D18 -> #REF! | K18: =IF(OR(H18=0,G18=0)," - ",NETWORKDAYS(G18,H18)) -> -
A19: =IF(ISERROR(VALUE(SUBSTITUTE(prevWBS,".",""))),"0.1",IF(ISERROR(FIND("`",SUBSTITUTE(prevWBS,".","`",1))),prevWBS&".1",LEFT(prevWBS,FIND("`",SUBSTITUTE(prevWBS,".","`",1)))&IF(ISERROR(FIND("`",SUBSTITUTE(prevWBS,".","`",2))),VALUE(RIGHT(prevWBS,LEN(prevWBS)-FIND("`",SUBSTITUTE(prevWBS,".","`",1))))+1,VALUE(MID(prevWBS,FIND("`",SUBSTITUTE(prevWBS,".","`",1))+1,(FIND("`",SUBSTITUTE(prevWBS,".","`",2))-FIND("`",SUBSTITUTE(prevWBS,".","`",1))-1)))+1))) -> 1.11 | B19: PUR | C19: IT Support | D19: =COUNTIFS(#REF!,$B19,#REF!,$B$8,#REF!,"ใช้งาน") -> #REF! | E19: =COUNTIFS(#REF!,$B19,#REF!,$B$8,#REF!,Dashboard!$E$7) -> #REF! | F19: =D19-E19 -> #REF! | G19: 45889 | H19: =IF(ISBLANK(G19)," - ",IF(I19=0,G19,G19+I19-1)) -> 45893 | I19: 5 | J19: =E19*100%/D19 -> #REF! | K19: =IF(OR(H19=0,G19=0)," - ",NETWORKDAYS(G19,H19)) -> 3
A20: =IF(ISERROR(VALUE(SUBSTITUTE(prevWBS,".",""))),"1",IF(ISERROR(FIND("`",SUBSTITUTE(prevWBS,".","`",1))),TEXT(VALUE(prevWBS)+1,"#"),TEXT(VALUE(LEFT(prevWBS,FIND("`",SUBSTITUTE(prevWBS,".","`",1))-1))+1,"#"))) -> 2 | B20: TRRT | D20: =SUM(D21) -> #REF! | E20: =SUM(E21) -> #REF! | F20: =SUM(F21) -> #REF! | H20: =IF(ISBLANK(G20)," - ",IF(I20=0,G20,G20+I20-1)) -> - | I20: =SUM(I21:I21) -> 10 | K20: =IF(OR(H20=0,G20=0)," - ",NETWORKDAYS(G20,H20)) -> -
A21: =IF(ISERROR(VALUE(SUBSTITUTE(prevWBS,".",""))),"0.1",IF(ISERROR(FIND("`",SUBSTITUTE(prevWBS,".","`",1))),prevWBS&".1",LEFT(prevWBS,FIND("`",SUBSTITUTE(prevWBS,".","`",1)))&IF(ISERROR(FIND("`",SUBSTITUTE(prevWBS,".","`",2))),VALUE(RIGHT(prevWBS,LEN(prevWBS)-FIND("`",SUBSTITUTE(prevWBS,".","`",1))))+1,VALUE(MID(prevWBS,FIND("`",SUBSTITUTE(prevWBS,".","`",1))+1,(FIND("`",SUBSTITUTE(prevWBS,".","`",2))-FIND("`",SUBSTITUTE(prevWBS,".","`",1))-1)))+1))) -> 2.1 | B21: IT | C21: IT Support | D21: =COUNTIFS(#REF!,$B21,#REF!,$B$20,#REF!,"ใช้งาน") -> #REF! | E21: =COUNTIFS(#REF!,$B21,#REF!,$B$20,#REF!,Dashboard!$E$7) -> #REF! | F21: =D21-E21 -> #REF! | G21: 45875 | H21: =IF(ISBLANK(G21)," - ",IF(I21=0,G21,G21+I21-1)) -> 45884 | I21: 10 | J21: =E21*100%/D21 -> #REF! | K21: =IF(OR(H21=0,G21=0)," - ",NETWORKDAYS(G21,H21)) -> 8
A22: =IF(ISERROR(VALUE(SUBSTITUTE(prevWBS,".",""))),"1",IF(ISERROR(FIND("`",SUBSTITUTE(prevWBS,".","`",1))),TEXT(VALUE(prevWBS)+1,"#"),TEXT(VALUE(LEFT(prevWBS,FIND("`",SUBSTITUTE(prevWBS,".","`",1))-1))+1,"#"))) -> 3 | B22: TRRL | D22: =SUM(D23:D24) -> #REF! | E22: =SUM(E23:E24) -> #REF! | F22: =SUM(F23:F24) -> #REF! | H22: =IF(ISBLANK(G22)," - ",IF(I22=0,G22,G22+I22-1)) -> - | K22: =IF(OR(H22=0,G22=0)," - ",NETWORKDAYS(G22,H22)) -> -
A23: =IF(ISERROR(VALUE(SUBSTITUTE(prevWBS,".",""))),"0.1",IF(ISERROR(FIND("`",SUBSTITUTE(prevWBS,".","`",1))),prevWBS&".1",LEFT(prevWBS,FIND("`",SUBSTITUTE(prevWBS,".","`",1)))&IF(ISERROR(FIND("`",SUBSTITUTE(prevWBS,".","`",2))),VALUE(RIGHT(prevWBS,LEN(prevWBS)-FIND("`",SUBSTITUTE(prevWBS,".","`",1))))+1,VALUE(MID(prevWBS,FIND("`",SUBSTITUTE(prevWBS,".","`",1))+1,(FIND("`",SUBSTITUTE(prevWBS,".","`",2))-FIND("`",SUBSTITUTE(prevWBS,".","`",1))-1)))+1))) -> 3.1 | B23: Credit | C23: IT Support | D23: =COUNTIFS(#REF!,$B23,#REF!,$B$22,#REF!,"ใช้งาน") -> #REF! | E23: =COUNTIFS(#REF!,$B23,#REF!,$B$22,#REF!,Dashboard!$E$7) -> #REF! | F23: =D23-E23 -> #REF! | G23: 45887 | H23: =IF(ISBLANK(G23)," - ",IF(I23=0,G23,G23+I23-1)) -> 45887 | I23: 1 | J23: =E23*100%/D23 -> #REF! | K23: =IF(OR(H23=0,G23=0)," - ",NETWORKDAYS(G23,H23)) -> 1
A24: =IF(ISERROR(VALUE(SUBSTITUTE(prevWBS,".",""))),"0.1",IF(ISERROR(FIND("`",SUBSTITUTE(prevWBS,".","`",1))),prevWBS&".1",LEFT(prevWBS,FIND("`",SUBSTITUTE(prevWBS,".","`",1)))&IF(ISERROR(FIND("`",SUBSTITUTE(prevWBS,".","`",2))),VALUE(RIGHT(prevWBS,LEN(prevWBS)-FIND("`",SUBSTITUTE(prevWBS,".","`",1))))+1,VALUE(MID(prevWBS,FIND("`",SUBSTITUTE(prevWBS,".","`",1))+1,(FIND("`",SUBSTITUTE(prevWBS,".","`",2))-FIND("`",SUBSTITUTE(prevWBS,".","`",1))-1)))+1))) -> 3.2 | B24: FNS | C24: IT Support | D24: =COUNTIFS(#REF!,$B24,#REF!,$B$22,#REF!,"ใช้งาน") -> #REF! | E24: =COUNTIFS(#REF!,$B24,#REF!,$B$22,#REF!,Dashboard!$E$7) -> #REF! | F24: =D24-E24 -> #REF! | G24: 45888 | H24: =IF(ISBLANK(G24)," - ",IF(I24=0,G24,G24+I24-1)) -> 45888 | I24: 1 | J24: =E24*100%/D24 -> #REF! | K24: =IF(OR(H24=0,G24=0)," - ",NETWORKDAYS(G24,H24)) -> 1
A25: =IF(ISERROR(VALUE(SUBSTITUTE(prevWBS,".",""))),"1",IF(ISERROR(FIND("`",SUBSTITUTE(prevWBS,".","`",1))),TEXT(VALUE(prevWBS)+1,"#"),TEXT(VALUE(LEFT(prevWBS,FIND("`",SUBSTITUTE(prevWBS,".","`",1))-1))+1,"#"))) -> 4 | B25: PS | D25: =SUM(D26:D35) -> #REF! | E25: =SUM(E26:E35) -> #REF! | F25: =SUM(F26:F35) -> #REF! | H25: =IF(ISBLANK(G25)," - ",IF(I25=0,G25,G25+I25-1)) -> - | I25: =SUM(I26:I35) -> 29 | K25: =IF(OR(H25=0,G25=0)," - ",NETWORKDAYS(G25,H25)) -> -
A26: =IF(ISERROR(VALUE(SUBSTITUTE(prevWBS,".",""))),"0.1",IF(ISERROR(FIND("`",SUBSTITUTE(prevWBS,".","`",1))),prevWBS&".1",LEFT(prevWBS,FIND("`",SUBSTITUTE(prevWBS,".","`",1)))&IF(ISERROR(FIND("`",SUBSTITUTE(prevWBS,".","`",2))),VALUE(RIGHT(prevWBS,LEN(prevWBS)-FIND("`",SUBSTITUTE(prevWBS,".","`",1))))+1,VALUE(MID(prevWBS,FIND("`",SUBSTITUTE(prevWBS,".","`",1))+1,(FIND("`",SUBSTITUTE(prevWBS,".","`",2))-FIND("`",SUBSTITUTE(prevWBS,".","`",1))-1)))+1))) -> 4.1 | B26: ACC | C26: IT Support | D26: =COUNTIFS(#REF!,$B26,#REF!,$B$25,#REF!,"ใช้งาน") -> #REF! | E26: =COUNTIFS(#REF!,$B26,#REF!,$B$25,#REF!,Dashboard!$E$7) -> #REF! | F26: =D26-E26 -> #REF! | G26: 45819 | H26: =IF(ISBLANK(G26)," - ",IF(I26=0,G26,G26+I26-1)) -> 45833 | I26: 15 | J26: =E26*100%/D26 -> #REF! | K26: =IF(OR(H26=0,G26=0)," - ",NETWORKDAYS(G26,H26)) -> 11
A27: =IF(ISERROR(VALUE(SUBSTITUTE(prevWBS,".",""))),"0.1",IF(ISERROR(FIND("`",SUBSTITUTE(prevWBS,".","`",1))),prevWBS&".1",LEFT(prevWBS,FIND("`",SUBSTITUTE(prevWBS,".","`",1)))&IF(ISERROR(FIND("`",SUBSTITUTE(prevWBS,".","`",2))),VALUE(RIGHT(prevWBS,LEN(prevWBS)-FIND("`",SUBSTITUTE(prevWBS,".","`",1))))+1,VALUE(MID(prevWBS,FIND("`",SUBSTITUTE(prevWBS,".","`",1))+1,(FIND("`",SUBSTITUTE(prevWBS,".","`",2))-FIND("`",SUBSTITUTE(prevWBS,".","`",1))-1)))+1))) -> 4.2 | B27: Audit | C27: IT Support | D27: =COUNTIFS(#REF!,$B27,#REF!,$B$25,#REF!,"ใช้งาน") -> #REF! | E27: =COUNTIFS(#REF!,$B27,#REF!,$B$25,#REF!,Dashboard!$E$7) -> #REF! | F27: =D27-E27 -> #REF! | G27: 45834 | H27: =IF(ISBLANK(G27)," - ",IF(I27=0,G27,G27+I27-1)) -> 45835 | I27: 2 | J27: =E27*100%/D27 -> #REF! | K27: =IF(OR(H27=0,G27=0)," - ",NETWORKDAYS(G27,H27)) -> 2
A28: =IF(ISERROR(VALUE(SUBSTITUTE(prevWBS,".",""))),"0.1",IF(ISERROR(FIND("`",SUBSTITUTE(prevWBS,".","`",1))),prevWBS&".1",LEFT(prevWBS,FIND("`",SUBSTITUTE(prevWBS,".","`",1)))&IF(ISERROR(FIND("`",SUBSTITUTE(prevWBS,".","`",2))),VALUE(RIGHT(prevWBS,LEN(prevWBS)-FIND("`",SUBSTITUTE(prevWBS,".","`",1))))+1,VALUE(MID(prevWBS,FIND("`",SUBSTITUTE(prevWBS,".","`",1))+1,(FIND("`",SUBSTITUTE(prevWBS,".","`",2))-FIND("`",SUBSTITUTE(prevWBS,".","`",1))-1)))+1))) -> 4.3 | B28: BUG | C28: IT Support | D28: =COUNTIFS(#REF!,$B28,#REF!,$B$25,#REF!,"ใช้งาน") -> #REF! | E28: =COUNTIFS(#REF!,$B28,#REF!,$B$25,#REF!,Dashboard!$E$7) -> #REF! | F28: =D28-E28 -> #REF! | G28: 45838 | H28: =IF(ISBLANK(G28)," - ",IF(I28=0,G28,G28+I28-1)) -> 45838 | I28: 1 | J28: =E28*100%/D28 -> #REF! | K28: =IF(OR(H28=0,G28=0)," - ",NETWORKDAYS(G28,H28)) -> 1
A29: =IF(ISERROR(VALUE(SUBSTITUTE(prevWBS,".",""))),"0.1",IF(ISERROR(FIND("`",SUBSTITUTE(prevWBS,".","`",1))),prevWBS&".1",LEFT(prevWBS,FIND("`",SUBSTITUTE(prevWBS,".","`",1)))&IF(ISERROR(FIND("`",SUBSTITUTE(prevWBS,".","`",2))),VALUE(RIGHT(prevWBS,LEN(prevWBS)-FIND("`",SUBSTITUTE(prevWBS,".","`",1))))+1,VALUE(MID(prevWBS,FIND("`",SUBSTITUTE(prevWBS,".","`",1))+1,(FIND("`",SUBSTITUTE(prevWBS,".","`",2))-FIND("`",SUBSTITUTE(prevWBS,".","`",1))-1)))+1))) -> 4.4 | B29: CAS | C29: IT Support | D29: =COUNTIFS(#REF!,$B29,#REF!,$B$25,#REF!,"ใช้งาน") -> #REF! | E29: =COUNTIFS(#REF!,$B29,#REF!,$B$25,#REF!,Dashboard!$E$7) -> #REF! | F29: =D29-E29 -> #REF! | G29: 45838 | H29: =IF(ISBLANK(G29)," - ",IF(I29=0,G29,G29+I29-1)) -> 45838 | I29: 1 | J29: =E29*100%/D29 -> #REF! | K29: =IF(OR(H29=0,G29=0)," - ",NETWORKDAYS(G29,H29)) -> 1
A30: =IF(ISERROR(VALUE(SUBSTITUTE(prevWBS,".",""))),"0.1",IF(ISERROR(FIND("`",SUBSTITUTE(prevWBS,".","`",1))),prevWBS&".1",LEFT(prevWBS,FIND("`",SUBSTITUTE(prevWBS,".","`",1)))&IF(ISERROR(FIND("`",SUBSTITUTE(prevWBS,".","`",2))),VALUE(RIGHT(prevWBS,LEN(prevWBS)-FIND("`",SUBSTITUTE(prevWBS,".","`",1))))+1,VALUE(MID(prevWBS,FIND("`",SUBSTITUTE(prevWBS,".","`",1))+1,(FIND("`",SUBSTITUTE(prevWBS,".","`",2))-FIND("`",SUBSTITUTE(prevWBS,".","`",1))-1)))+1))) -> 4.5 | B30: ERP | C30: IT Support | D30: =COUNTIFS(#REF!,$B30,#REF!,$B$25,#REF!,"ใช้งาน") -> #REF! | E30: =COUNTIFS(#REF!,$B30,#REF!,$B$25,#REF!,Dashboard!$E$7) -> #REF! | F30: =D30-E30 -> #REF! | G30: 45839 | H30: =IF(ISBLANK(G30)," - ",IF(I30=0,G30,G30+I30-1)) -> 45840 | I30: 2 | J30: =E30*100%/D30 -> #REF! | K30: =IF(OR(H30=0,G30=0)," - ",NETWORKDAYS(G30,H30)) -> 2
A31: =IF(ISERROR(VALUE(SUBSTITUTE(prevWBS,".",""))),"0.1",IF(ISERROR(FIND("`",SUBSTITUTE(prevWBS,".","`",1))),prevWBS&".1",LEFT(prevWBS,FIND("`",SUBSTITUTE(prevWBS,".","`",1)))&IF(ISERROR(FIND("`",SUBSTITUTE(prevWBS,".","`",2))),VALUE(RIGHT(prevWBS,LEN(prevWBS)-FIND("`",SUBSTITUTE(prevWBS,".","`",1))))+1,VALUE(MID(prevWBS,FIND("`",SUBSTITUTE(prevWBS,".","`",1))+1,(FIND("`",SUBSTITUTE(prevWBS,".","`",2))-FIND("`",SUBSTITUTE(prevWBS,".","`",1))-1)))+1))) -> 4.6 | B31: FIN | C31: IT Support | D31: =COUNTIFS(#REF!,$B31,#REF!,$B$25,#REF!,"ใช้งาน") -> #REF! | E31: =COUNTIFS(#REF!,$B31,#REF!,$B$25,#REF!,Dashboard!$E$7) -> #REF! | F31: =D31-E31 -> #REF! | G31: 45841 | H31: =IF(ISBLANK(G31)," - ",IF(I31=0,G31,G31+I31-1)) -> 45842 | I31: 2 | J31: =E31*100%/D31 -> #REF! | K31: =IF(OR(H31=0,G31=0)," - ",NETWORKDAYS(G31,H31)) -> 2
A32: =IF(ISERROR(VALUE(SUBSTITUTE(prevWBS,".",""))),"0.1",IF(ISERROR(FIND("`",SUBSTITUTE(prevWBS,".","`",1))),prevWBS&".1",LEFT(prevWBS,FIND("`",SUBSTITUTE(prevWBS,".","`",1)))&IF(ISERROR(FIND("`",SUBSTITUTE(prevWBS,".","`",2))),VALUE(RIGHT(prevWBS,LEN(prevWBS)-FIND("`",SUBSTITUTE(prevWBS,".","`",1))))+1,VALUE(MID(prevWBS,FIND("`",SUBSTITUTE(prevWBS,".","`",1))+1,(FIND("`",SUBSTITUTE(prevWBS,".","`",2))-FIND("`",SUBSTITUTE(prevWBS,".","`",1))-1)))+1))) -> 4.7 | B32: MD | C32: IT Support | D32: =COUNTIFS(#REF!,$B32,#REF!,$B$25,#REF!,"ใช้งาน") -> #REF! | E32: =COUNTIFS(#REF!,$B32,#REF!,$B$25,#REF!,Dashboard!$E$7) -> #REF! | F32: =D32-E32 -> #REF! | G32: 45845 | H32: =IF(ISBLANK(G32)," - ",IF(I32=0,G32,G32+I32-1)) -> 45846 | I32: 2 | J32: =E32*100%/D32 -> #REF! | K32: =IF(OR(H32=0,G32=0)," - ",NETWORKDAYS(G32,H32)) -> 2
A33: =IF(ISERROR(VALUE(SUBSTITUTE(prevWBS,".",""))),"0.1",IF(ISERROR(FIND("`",SUBSTITUTE(prevWBS,".","`",1))),prevWBS&".1",LEFT(prevWBS,FIND("`",SUBSTITUTE(prevWBS,".","`",1)))&IF(ISERROR(FIND("`",SUBSTITUTE(prevWBS,".","`",2))),VALUE(RIGHT(prevWBS,LEN(prevWBS)-FIND("`",SUBSTITUTE(prevWBS,".","`",1))))+1,VALUE(MID(prevWBS,FIND("`",SUBSTITUTE(prevWBS,".","`",1))+1,(FIND("`",SUBSTITUTE(prevWBS,".","`",2))-FIND("`",SUBSTITUTE(prevWBS,".","`",1))-1)))+1))) -> 4.8 | B33: PUR | C33: IT Support | D33: =COUNTIFS(#REF!,$B33,#REF!,$B$25,#REF!,"ใช้งาน") -> #REF! | E33: =COUNTIFS(#REF!,$B33,#REF!,$B$25,#REF!,Dashboard!$E$7) -> #REF! | F33: =D33-E33 -> #REF! | G33: 45847 | H33: =IF(ISBLANK(G33)," - ",IF(I33=0,G33,G33+I33-1)) -> 45848 | I33: 2 | J33: =E33*100%/D33 -> #REF! | K33: =IF(OR(H33=0,G33=0)," - ",NETWORKDAYS(G33,H33)) -> 2
A34: =IF(ISERROR(VALUE(SUBSTITUTE(prevWBS,".",""))),"0.1",IF(ISERROR(FIND("`",SUBSTITUTE(prevWBS,".","`",1))),prevWBS&".1",LEFT(prevWBS,FIND("`",SUBSTITUTE(prevWBS,".","`",1)))&IF(ISERROR(FIND("`",SUBSTITUTE(prevWBS,".","`",2))),VALUE(RIGHT(prevWBS,LEN(prevWBS)-FIND("`",SUBSTITUTE(prevWBS,".","`",1))))+1,VALUE(MID(prevWBS,FIND("`",SUBSTITUTE(prevWBS,".","`",1))+1,(FIND("`",SUBSTITUTE(prevWBS,".","`",2))-FIND("`",SUBSTITUTE(prevWBS,".","`",1))-1)))+1))) -> 4.9 | B34: SAL | C34: IT Support | D34: =COUNTIFS(#REF!,$B34,#REF!,$B$25,#REF!,"ใช้งาน") -> #REF! | E34: =COUNTIFS(#REF!,$B34,#REF!,$B$25,#REF!,Dashboard!$E$7) -> #REF! | F34: =D34-E34 -> #REF! | G34: 45849 | H34: =IF(ISBLANK(G34)," - ",IF(I34=0,G34,G34+I34-1)) -> 45849 | I34: 1 | J34: =E34*100%/D34 -> #REF! | K34: =IF(OR(H34=0,G34=0)," - ",NETWORKDAYS(G34,H34)) -> 1
A35: =IF(ISERROR(VALUE(SUBSTITUTE(prevWBS,".",""))),"0.1",IF(ISERROR(FIND("`",SUBSTITUTE(prevWBS,".","`",1))),prevWBS&".1",LEFT(prevWBS,FIND("`",SUBSTITUTE(prevWBS,".","`",1)))&IF(ISERROR(FIND("`",SUBSTITUTE(prevWBS,".","`",2))),VALUE(RIGHT(prevWBS,LEN(prevWBS)-FIND("`",SUBSTITUTE(prevWBS,".","`",1))))+1,VALUE(MID(prevWBS,FIND("`",SUBSTITUTE(prevWBS,".","`",1))+1,(FIND("`",SUBSTITUTE(prevWBS,".","`",2))-FIND("`",SUBSTITUTE(prevWBS,".","`",1))-1)))+1))) -> 4.10 | B35: SEC | C35: IT Support | D35: =COUNTIFS(#REF!,$B35,#REF!,$B$25,#REF!,"ใช้งาน") -> #REF! | E35: =COUNTIFS(#REF!,$B35,#REF!,$B$25,#REF!,Dashboard!$E$7) -> #REF! | F35: =D35-E35 -> #REF! | G35: 45849 | H35: =IF(ISBLANK(G35)," - ",IF(I35=0,G35,G35+I35-1)) -> 45849 | I35: 1 | J35: =E35*100%/D35 -> #REF! | K35: =IF(OR(H35=0,G35=0)," - ",NETWORKDAYS(G35,H35)) -> 1
A36: =IF(ISERROR(VALUE(SUBSTITUTE(prevWBS,".",""))),"1",IF(ISERROR(FIND("`",SUBSTITUTE(prevWBS,".","`",1))),TEXT(VALUE(prevWBS)+1,"#"),TEXT(VALUE(LEFT(prevWBS,FIND("`",SUBSTITUTE(prevWBS,".","`",1))-1))+1,"#"))) -> 5 | B36: SSEC | D36: =SUM(D37:D39) -> #REF! | E36: =SUM(E37:E39) -> 0 | F36: =SUM(F37:F39) -> 0 | H36: =IF(ISBLANK(G36)," - ",IF(I36=0,G36,G36+I36-1)) -> - | I36: =SUM(I37:I39) -> 7 | K36: =IF(OR(H36=0,G36=0)," - ",NETWORKDAYS(G36,H36)) -> -
A37: =IF(ISERROR(VALUE(SUBSTITUTE(prevWBS,".",""))),"0.1",IF(ISERROR(FIND("`",SUBSTITUTE(prevWBS,".","`",1))),prevWBS&".1",LEFT(prevWBS,FIND("`",SUBSTITUTE(prevWBS,".","`",1)))&IF(ISERROR(FIND("`",SUBSTITUTE(prevWBS,".","`",2))),VALUE(RIGHT(prevWBS,LEN(prevWBS)-FIND("`",SUBSTITUTE(prevWBS,".","`",1))))+1,VALUE(MID(prevWBS,FIND("`",SUBSTITUTE(prevWBS,".","`",1))+1,(FIND("`",SUBSTITUTE(prevWBS,".","`",2))-FIND("`",SUBSTITUTE(prevWBS,".","`",1))-1)))+1))) -> 5.1 | B37: OFF | C37: IT Support | D37: =COUNTIFS(#REF!,$B37,#REF!,$B$36,#REF!,"ใช้งาน") -> #REF! | E37: =COUNTIFS(#REF!,$B37,#REF!,$B$36,#REF!,Dashboard!$E$7)+F37 -> 0 | F37: =D37-E37 -> 0 | H37: =IF(ISBLANK(G37)," - ",IF(I37=0,G37,G37+I37-1)) -> - | I37: 5 | J37: =E37*100%/D37 -> 0 | K37: =IF(OR(H37=0,G37=0)," - ",NETWORKDAYS(G37,H37)) -> -
A38: =IF(ISERROR(VALUE(SUBSTITUTE(prevWBS,".",""))),"0.1",IF(ISERROR(FIND("`",SUBSTITUTE(prevWBS,".","`",1))),prevWBS&".1",LEFT(prevWBS,FIND("`",SUBSTITUTE(prevWBS,".","`",1)))&IF(ISERROR(FIND("`",SUBSTITUTE(prevWBS,".","`",2))),VALUE(RIGHT(prevWBS,LEN(prevWBS)-FIND("`",SUBSTITUTE(prevWBS,".","`",1))))+1,VALUE(MID(prevWBS,FIND("`",SUBSTITUTE(prevWBS,".","`",1))+1,(FIND("`",SUBSTITUTE(prevWBS,".","`",2))-FIND("`",SUBSTITUTE(prevWBS,".","`",1))-1)))+1))) -> 5.2 | B38: ACC | C38: IT Support | D38: =COUNTIFS(#REF!,$B38,#REF!,$B$36,#REF!,"ใช้งาน") -> #REF! | E38: =COUNTIFS(#REF!,$B38,#REF!,$B$36,#REF!,Dashboard!$E$7)+F38 -> 0 | F38: =D38-E38 -> 0 | H38: =IF(ISBLANK(G38)," - ",IF(I38=0,G38,G38+I38-1)) -> - | I38: 1 | J38: =E38*100%/D38 -> 0 | K38: =IF(OR(H38=0,G38=0)," - ",NETWORKDAYS(G38,H38)) -> -
A39: =IF(ISERROR(VALUE(SUBSTITUTE(prevWBS,".",""))),"0.1",IF(ISERROR(FIND("`",SUBSTITUTE(prevWBS,".","`",1))),prevWBS&".1",LEFT(prevWBS,FIND("`",SUBSTITUTE(prevWBS,".","`",1)))&IF(ISERROR(FIND("`",SUBSTITUTE(prevWBS,".","`",2))),VALUE(RIGHT(prevWBS,LEN(prevWBS)-FIND("`",SUBSTITUTE(prevWBS,".","`",1))))+1,VALUE(MID(prevWBS,FIND("`",SUBSTITUTE(prevWBS,".","`",1))+1,(FIND("`",SUBSTITUTE(prevWBS,".","`",2))-FIND("`",SUBSTITUTE(prevWBS,".","`",1))-1)))+1))) -> 5.3 | B39: EXP | C39: IT Support | D39: =COUNTIFS(#REF!,$B39,#REF!,$B$36,#REF!,"ใช้งาน") -> #REF! | E39: =COUNTIFS(#REF!,$B39,#REF!,$B$36,#REF!,Dashboard!$E$7)+F39 -> 0 | F39: =D39-E39 -> 0 | H39: =IF(ISBLANK(G39)," - ",IF(I39=0,G39,G39+I39-1)) -> - | I39: 1 | J39: =E39*100%/D39 -> 0 | K39: =IF(OR(H39=0,G39=0)," - ",NETWORKDAYS(G39,H39)) -> -
A40: =IF(ISERROR(VALUE(SUBSTITUTE(prevWBS,".",""))),"1",IF(ISERROR(FIND("`",SUBSTITUTE(prevWBS,".","`",1))),TEXT(VALUE(prevWBS)+1,"#"),TEXT(VALUE(LEFT(prevWBS,FIND("`",SUBSTITUTE(prevWBS,".","`",1))-1))+1,"#"))) -> 6 | B40: TRRP | D40: =SUM(D41:D42) -> #REF! | E40: =SUM(E41:E42) -> #REF! | F40: =SUM(F41:F42) -> 0 | H40: =IF(ISBLANK(G40)," - ",IF(I40=0,G40,G40+I40-1)) -> - | K40: =IF(OR(H40=0,G40=0)," - ",NETWORKDAYS(G40,H40)) -> -
A41: =IF(ISERROR(VALUE(SUBSTITUTE(prevWBS,".",""))),"0.1",IF(ISERROR(FIND("`",SUBSTITUTE(prevWBS,".","`",1))),prevWBS&".1",LEFT(prevWBS,FIND("`",SUBSTITUTE(prevWBS,".","`",1)))&IF(ISERROR(FIND("`",SUBSTITUTE(prevWBS,".","`",2))),VALUE(RIGHT(prevWBS,LEN(prevWBS)-FIND("`",SUBSTITUTE(prevWBS,".","`",1))))+1,VALUE(MID(prevWBS,FIND("`",SUBSTITUTE(prevWBS,".","`",1))+1,(FIND("`",SUBSTITUTE(prevWBS,".","`",2))-FIND("`",SUBSTITUTE(prevWBS,".","`",1))-1)))+1))) -> 6.1 | B41: BUI | C41: IT Support | D41: =COUNTIFS(#REF!,$B41,#REF!,$B$40,#REF!,"ใช้งาน") -> #REF! | E41: =COUNTIFS(#REF!,$B41,#REF!,$B$40,#REF!,Dashboard!$E$7)+F41 -> #REF! | H41: =IF(ISBLANK(G41)," - ",IF(I41=0,G41,G41+I41-1)) -> - | I41: 1 | J41: =E41*100%/D41 -> #REF! | K41: =IF(OR(H41=0,G41=0)," - ",NETWORKDAYS(G41,H41)) -> -
A42: =IF(ISERROR(VALUE(SUBSTITUTE(prevWBS,".",""))),"0.1",IF(ISERROR(FIND("`",SUBSTITUTE(prevWBS,".","`",1))),prevWBS&".1",LEFT(prevWBS,FIND("`",SUBSTITUTE(prevWBS,".","`",1)))&IF(ISERROR(FIND("`",SUBSTITUTE(prevWBS,".","`",2))),VALUE(RIGHT(prevWBS,LEN(prevWBS)-FIND("`",SUBSTITUTE(prevWBS,".","`",1))))+1,VALUE(MID(prevWBS,FIND("`",SUBSTITUTE(prevWBS,".","`",1))+1,(FIND("`",SUBSTITUTE(prevWBS,".","`",2))-FIND("`",SUBSTITUTE(prevWBS,".","`",1))-1)))+1))) -> 6.2 | B42: ACC | C42: IT Support | D42: =COUNTIFS(#REF!,$B42,#REF!,$B$40,#REF!,"ใช้งาน") -> #REF! | E42: =COUNTIFS(#REF!,$B42,#REF!,$B$40,#REF!,Dashboard!$E$7)+F42 -> #REF! | H42: =IF(ISBLANK(G42)," - ",IF(I42=0,G42,G42+I42-1)) -> - | I42: 1 | J42: =E42*100%/D42 -> #REF! | K42: =IF(OR(H42=0,G42=0)," - ",NETWORKDAYS(G42,H42)) -> -
A43: =IF(ISERROR(VALUE(SUBSTITUTE(prevWBS,".",""))),"1",IF(ISERROR(FIND("`",SUBSTITUTE(prevWBS,".","`",1))),TEXT(VALUE(prevWBS)+1,"#"),TEXT(VALUE(LEFT(prevWBS,FIND("`",SUBSTITUTE(prevWBS,".","`",1))-1))+1,"#"))) -> 7 | B43: TRM | D43: =SUM(D44:D46) -> #REF! | H43: =IF(ISBLANK(G43)," - ",IF(I43=0,G43,G43+I43-1)) -> - | K43: =IF(OR(H43=0,G43=0)," - ",NETWORKDAYS(G43,H43)) -> -
A44: =IF(ISERROR(VALUE(SUBSTITUTE(prevWBS,".",""))),"0.1",IF(ISERROR(FIND("`",SUBSTITUTE(prevWBS,".","`",1))),prevWBS&".1",LEFT(prevWBS,FIND("`",SUBSTITUTE(prevWBS,".","`",1)))&IF(ISERROR(FIND("`",SUBSTITUTE(prevWBS,".","`",2))),VALUE(RIGHT(prevWBS,LEN(prevWBS)-FIND("`",SUBSTITUTE(prevWBS,".","`",1))))+1,VALUE(MID(prevWBS,FIND("`",SUBSTITUTE(prevWBS,".","`",1))+1,(FIND("`",SUBSTITUTE(prevWBS,".","`",2))-FIND("`",SUBSTITUTE(prevWBS,".","`",1))-1)))+1))) -> 7.1 | B44: OFF | C44: IT Support | D44: =COUNTIFS(#REF!,$B44,#REF!,$B$43,#REF!,"ใช้งาน") -> #REF! | E44: =COUNTIFS(#REF!,$B44,#REF!,$B$43,#REF!,Dashboard!$E$7) -> #REF! | H44: =IF(ISBLANK(G44)," - ",IF(I44=0,G44,G44+I44-1)) -> - | I44: 2 | J44: =E44*100%/D44 -> #REF! | K44: =IF(OR(H44=0,G44=0)," - ",NETWORKDAYS(G44,H44)) -> -
A45: =IF(ISERROR(VALUE(SUBSTITUTE(prevWBS,".",""))),"0.1",IF(ISERROR(FIND("`",SUBSTITUTE(prevWBS,".","`",1))),prevWBS&".1",LEFT(prevWBS,FIND("`",SUBSTITUTE(prevWBS,".","`",1)))&IF(ISERROR(FIND("`",SUBSTITUTE(prevWBS,".","`",2))),VALUE(RIGHT(prevWBS,LEN(prevWBS)-FIND("`",SUBSTITUTE(prevWBS,".","`",1))))+1,VALUE(MID(prevWBS,FIND("`",SUBSTITUTE(prevWBS,".","`",1))+1,(FIND("`",SUBSTITUTE(prevWBS,".","`",2))-FIND("`",SUBSTITUTE(prevWBS,".","`",1))-1)))+1))) -> 7.2 | B45: SEC | C45: IT Support | D45: =COUNTIFS(#REF!,$B45,#REF!,$B$43,#REF!,"ใช้งาน") -> #REF! | E45: =COUNTIFS(#REF!,$B45,#REF!,$B$43,#REF!,Dashboard!$E$7) -> #REF! | H45: =IF(ISBLANK(G45)," - ",IF(I45=0,G45,G45+I45-1)) -> - | I45: 1 | J45: =E45*100%/D45 -> #REF! | K45: =IF(OR(H45=0,G45=0)," - ",NETWORKDAYS(G45,H45)) -> -
A46: =IF(ISERROR(VALUE(SUBSTITUTE(prevWBS,".",""))),"0.1",IF(ISERROR(FIND("`",SUBSTITUTE(prevWBS,".","`",1))),prevWBS&".1",LEFT(prevWBS,FIND("`",SUBSTITUTE(prevWBS,".","`",1)))&IF(ISERROR(FIND("`",SUBSTITUTE(prevWBS,".","`",2))),VALUE(RIGHT(prevWBS,LEN(prevWBS)-FIND("`",SUBSTITUTE(prevWBS,".","`",1))))+1,VALUE(MID(prevWBS,FIND("`",SUBSTITUTE(prevWBS,".","`",1))+1,(FIND("`",SUBSTITUTE(prevWBS,".","`",2))-FIND("`",SUBSTITUTE(prevWBS,".","`",1))-1)))+1))) -> 7.3 | B46: Molas | C46: IT Support | D46: =COUNTIFS(#REF!,$B46,#REF!,$B$43,#REF!,"ใช้งาน") -> #REF! | E46: =COUNTIFS(#REF!,$B46,#REF!,$B$43,#REF!,Dashboard!$E$7) -> #REF! | H46: =IF(ISBLANK(G46)," - ",IF(I46=0,G46,G46+I46-1)) -> - | I46: 1 | J46: =E46*100%/D46 -> #REF! | K46: =IF(OR(H46=0,G46=0)," - ",NETWORKDAYS(G46,H46)) -> -
A47: =IF(ISERROR(VALUE(SUBSTITUTE(prevWBS,".",""))),"1",IF(ISERROR(FIND("`",SUBSTITUTE(prevWBS,".","`",1))),TEXT(VALUE(prevWBS)+1,"#"),TEXT(VALUE(LEFT(prevWBS,FIND("`",SUBSTITUTE(prevWBS,".","`",1))-1))+1,"#"))) -> 8 | B47: TRR | D47: =SUM(D48:D62) -> #REF! | E47: =SUM(E48:E62) -> #REF! | F47: =SUM(F48:F62) -> #REF! | H47: =IF(ISBLANK(G47)," - ",IF(I47=0,G47,G47+I47-1)) -> - | K47: =IF(OR(H47=0,G47=0)," - ",NETWORKDAYS(G47,H47)) -> -
A48: =IF(ISERROR(VALUE(SUBSTITUTE(prevWBS,".",""))),"0.1",IF(ISERROR(FIND("`",SUBSTITUTE(prevWBS,".","`",1))),prevWBS&".1",LEFT(prevWBS,FIND("`",SUBSTITUTE(prevWBS,".","`",1)))&IF(ISERROR(FIND("`",SUBSTITUTE(prevWBS,".","`",2))),VALUE(RIGHT(prevWBS,LEN(prevWBS)-FIND("`",SUBSTITUTE(prevWBS,".","`",1))))+1,VALUE(MID(prevWBS,FIND("`",SUBSTITUTE(prevWBS,".","`",1))+1,(FIND("`",SUBSTITUTE(prevWBS,".","`",2))-FIND("`",SUBSTITUTE(prevWBS,".","`",1))-1)))+1))) -> 8.1 | B48: HR | C48: IT Support | D48: =COUNTIFS(#REF!,$B48,#REF!,$B$47,#REF!,"ใช้งาน") -> #REF! | E48: =COUNTIFS(#REF!,$B48,#REF!,$B$47,#REF!,Dashboard!$E$7) -> #REF! | F48: =D48-E48 -> #REF! | G48: 45859 | H48: =IF(ISBLANK(G48)," - ",IF(I48=0,G48,G48+I48-1)) -> 45863 | I48: 5 | J48: =E48*100%/D48 -> #REF! | K48: =IF(OR(H48=0,G48=0)," - ",NETWORKDAYS(G48,H48)) -> 5
A49: =IF(ISERROR(VALUE(SUBSTITUTE(prevWBS,".",""))),"0.1",IF(ISERROR(FIND("`",SUBSTITUTE(prevWBS,".","`",1))),prevWBS&".1",LEFT(prevWBS,FIND("`",SUBSTITUTE(prevWBS,".","`",1)))&IF(ISERROR(FIND("`",SUBSTITUTE(prevWBS,".","`",2))),VALUE(RIGHT(prevWBS,LEN(prevWBS)-FIND("`",SUBSTITUTE(prevWBS,".","`",1))))+1,VALUE(MID(prevWBS,FIND("`",SUBSTITUTE(prevWBS,".","`",1))+1,(FIND("`",SUBSTITUTE(prevWBS,".","`",2))-FIND("`",SUBSTITUTE(prevWBS,".","`",1))-1)))+1))) -> 8.2 | B49: SAL | C49: IT Support | D49: =COUNTIFS(#REF!,$B49,#REF!,$B$47,#REF!,"ใช้งาน") -> #REF! | E49: =COUNTIFS(#REF!,$B49,#REF!,$B$47,#REF!,Dashboard!$E$7) -> #REF! | F49: =D49-E49 -> #REF! | G49: 45866 | H49: =IF(ISBLANK(G49)," - ",IF(I49=0,G49,G49+I49-1)) -> 45891 | I49: 26 | J49: =E49*100%/D49 -> #REF! | K49: =IF(OR(H49=0,G49=0)," - ",NETWORKDAYS(G49,H49)) -> 20
A50: =IF(ISERROR(VALUE(SUBSTITUTE(prevWBS,".",""))),"0.1",IF(ISERROR(FIND("`",SUBSTITUTE(prevWBS,".","`",1))),prevWBS&".1",LEFT(prevWBS,FIND("`",SUBSTITUTE(prevWBS,".","`",1)))&IF(ISERROR(FIND("`",SUBSTITUTE(prevWBS,".","`",2))),VALUE(RIGHT(prevWBS,LEN(prevWBS)-FIND("`",SUBSTITUTE(prevWBS,".","`",1))))+1,VALUE(MID(prevWBS,FIND("`",SUBSTITUTE(prevWBS,".","`",1))+1,(FIND("`",SUBSTITUTE(prevWBS,".","`",2))-FIND("`",SUBSTITUTE(prevWBS,".","`",1))-1)))+1))) -> 8.3 | B50: LAW | C50: IT Support | D50: =COUNTIFS(#REF!,$B50,#REF!,$B$47,#REF!,"ใช้งาน") -> #REF! | E50: =COUNTIFS(#REF!,$B50,#REF!,$B$47,#REF!,Dashboard!$E$7) -> #REF! | F50: =D50-E50 -> #REF! | G50: 45894 | H50: =IF(ISBLANK(G50)," - ",IF(I50=0,G50,G50+I50-1)) -> 45895 | I50: 2 | J50: =E50*100%/D50 -> #REF! | K50: =IF(OR(H50=0,G50=0)," - ",NETWORKDAYS(G50,H50)) -> 2
A51: =IF(ISERROR(VALUE(SUBSTITUTE(prevWBS,".",""))),"0.1",IF(ISERROR(FIND("`",SUBSTITUTE(prevWBS,".","`",1))),prevWBS&".1",LEFT(prevWBS,FIND("`",SUBSTITUTE(prevWBS,".","`",1)))&IF(ISERROR(FIND("`",SUBSTITUTE(prevWBS,".","`",2))),VALUE(RIGHT(prevWBS,LEN(prevWBS)-FIND("`",SUBSTITUTE(prevWBS,".","`",1))))+1,VALUE(MID(prevWBS,FIND("`",SUBSTITUTE(prevWBS,".","`",1))+1,(FIND("`",SUBSTITUTE(prevWBS,".","`",2))-FIND("`",SUBSTITUTE(prevWBS,".","`",1))-1)))+1))) -> 8.4 | B51: ACC | C51: IT Support | D51: =COUNTIFS(#REF!,$B51,#REF!,$B$47,#REF!,"ใช้งาน") -> #REF! | E51: =COUNTIFS(#REF!,$B51,#REF!,$B$47,#REF!,Dashboard!$E$7) -> #REF! | F51: =D51-E51 -> #REF! | G51: 45896 | H51: =IF(ISBLANK(G51)," - ",IF(I51=0,G51,G51+I51-1)) -> 45905 | I51: 10 | J51: =E51*100%/D51 -> #REF! | K51: =IF(OR(H51=0,G51=0)," - ",NETWORKDAYS(G51,H51)) -> 8
A52: =IF(ISERROR(VALUE(SUBSTITUTE(prevWBS,".",""))),"0.1",IF(ISERROR(FIND("`",SUBSTITUTE(prevWBS,".","`",1))),prevWBS&".1",LEFT(prevWBS,FIND("`",SUBSTITUTE(prevWBS,".","`",1)))&IF(ISERROR(FIND("`",SUBSTITUTE(prevWBS,".","`",2))),VALUE(RIGHT(prevWBS,LEN(prevWBS)-FIND("`",SUBSTITUTE(prevWBS,".","`",1))))+1,VALUE(MID(prevWBS,FIND("`",SUBSTITUTE(prevWBS,".","`",1))+1,(FIND("`",SUBSTITUTE(prevWBS,".","`",2))-FIND("`",SUBSTITUTE(prevWBS,".","`",1))-1)))+1))) -> 8.5 | B52: FIN | C52: IT Support | D52: =COUNTIFS(#REF!,$B52,#REF!,$B$47,#REF!,"ใช้งาน") -> #REF! | E52: =COUNTIFS(#REF!,$B52,#REF!,$B$47,#REF!,Dashboard!$E$7) -> #REF! | F52: =D52-E52 -> #REF! | G52: 45908 | H52: =IF(ISBLANK(G52)," - ",IF(I52=0,G52,G52+I52-1)) -> 45912 | I52: 5 | J52: =E52*100%/D52 -> #REF! | K52: =IF(OR(H52=0,G52=0)," - ",NETWORKDAYS(G52,H52)) -> 5
A53: =IF(ISERROR(VALUE(SUBSTITUTE(prevWBS,".",""))),"0.1",IF(ISERROR(FIND("`",SUBSTITUTE(prevWBS,".","`",1))),prevWBS&".1",LEFT(prevWBS,FIND("`",SUBSTITUTE(prevWBS,".","`",1)))&IF(ISERROR(FIND("`",SUBSTITUTE(prevWBS,".","`",2))),VALUE(RIGHT(prevWBS,LEN(prevWBS)-FIND("`",SUBSTITUTE(prevWBS,".","`",1))))+1,VALUE(MID(prevWBS,FIND("`",SUBSTITUTE(prevWBS,".","`",1))+1,(FIND("`",SUBSTITUTE(prevWBS,".","`",2))-FIND("`",SUBSTITUTE(prevWBS,".","`",1))-1)))+1))) -> 8.6 | B53: CAS | C53: IT Support | D53: =COUNTIFS(#REF!,$B53,#REF!,$B$47,#REF!,"ใช้งาน") -> #REF! | E53: =COUNTIFS(#REF!,$B53,#REF!,$B$47,#REF!,Dashboard!$E$7) -> #REF! | F53: =D53-E53 -> #REF! | G53: 45915 | H53: =IF(ISBLANK(G53)," - ",IF(I53=0,G53,G53+I53-1)) -> 45917 | I53: 3 | J53: =E53*100%/D53 -> #REF! | K53: =IF(OR(H53=0,G53=0)," - ",NETWORKDAYS(G53,H53)) -> 3
A54: =IF(ISERROR(VALUE(SUBSTITUTE(prevWBS,".",""))),"0.1",IF(ISERROR(FIND("`",SUBSTITUTE(prevWBS,".","`",1))),prevWBS&".1",LEFT(prevWBS,FIND("`",SUBSTITUTE(prevWBS,".","`",1)))&IF(ISERROR(FIND("`",SUBSTITUTE(prevWBS,".","`",2))),VALUE(RIGHT(prevWBS,LEN(prevWBS)-FIND("`",SUBSTITUTE(prevWBS,".","`",1))))+1,VALUE(MID(prevWBS,FIND("`",SUBSTITUTE(prevWBS,".","`",1))+1,(FIND("`",SUBSTITUTE(prevWBS,".","`",2))-FIND("`",SUBSTITUTE(prevWBS,".","`",1))-1)))+1))) -> 8.7 | B54: PUR | C54: IT Support | D54: =COUNTIFS(#REF!,$B54,#REF!,$B$47,#REF!,"ใช้งาน") -> #REF! | E54: =COUNTIFS(#REF!,$B54,#REF!,$B$47,#REF!,Dashboard!$E$7) -> #REF! | F54: =D54-E54 -> #REF! | G54: 45918 | H54: =IF(ISBLANK(G54)," - ",IF(I54=0,G54,G54+I54-1)) -> 45920 | I54: 3 | J54: =E54*100%/D54 -> #REF! | K54: =IF(OR(H54=0,G54=0)," - ",NETWORKDAYS(G54,H54)) -> 2
A55: =IF(ISERROR(VALUE(SUBSTITUTE(prevWBS,".",""))),"0.1",IF(ISERROR(FIND("`",SUBSTITUTE(prevWBS,".","`",1))),prevWBS&".1",LEFT(prevWBS,FIND("`",SUBSTITUTE(prevWBS,".","`",1)))&IF(ISERROR(FIND("`",SUBSTITUTE(prevWBS,".","`",2))),VALUE(RIGHT(prevWBS,LEN(prevWBS)-FIND("`",SUBSTITUTE(prevWBS,".","`",1))))+1,VALUE(MID(prevWBS,FIND("`",SUBSTITUTE(prevWBS,".","`",1))+1,(FIND("`",SUBSTITUTE(prevWBS,".","`",2))-FIND("`",SUBSTITUTE(prevWBS,".","`",1))-1)))+1))) -> 8.8 | B55: SEC | C55: IT Support | D55: =COUNTIFS(#REF!,$B55,#REF!,$B$47,#REF!,"ใช้งาน") -> #REF! | E55: =COUNTIFS(#REF!,$B55,#REF!,$B$47,#REF!,Dashboard!$E$7) -> #REF! | F55: =D55-E55 -> #REF! | G55: 45922 | H55: =IF(ISBLANK(G55)," - ",IF(I55=0,G55,G55+I55-1)) -> 45922 | I55: 1 | J55: =E55*100%/D55 -> #REF! | K55: =IF(OR(H55=0,G55=0)," - ",NETWORKDAYS(G55,H55)) -> 1
A56: =IF(ISERROR(VALUE(SUBSTITUTE(prevWBS,".",""))),"0.1",IF(ISERROR(FIND("`",SUBSTITUTE(prevWBS,".","`",1))),prevWBS&".1",LEFT(prevWBS,FIND("`",SUBSTITUTE(prevWBS,".","`",1)))&IF(ISERROR(FIND("`",SUBSTITUTE(prevWBS,".","`",2))),VALUE(RIGHT(prevWBS,LEN(prevWBS)-FIND("`",SUBSTITUTE(prevWBS,".","`",1))))+1,VALUE(MID(prevWBS,FIND("`",SUBSTITUTE(prevWBS,".","`",1))+1,(FIND("`",SUBSTITUTE(prevWBS,".","`",2))-FIND("`",SUBSTITUTE(prevWBS,".","`",1))-1)))+1))) -> 8.9 | B56: EXP | C56: IT Support | D56: =COUNTIFS(#REF!,$B56,#REF!,$B$47,#REF!,"ใช้งาน") -> #REF! | E56: =COUNTIFS(#REF!,$B56,#REF!,$B$47,#REF!,Dashboard!$E$7) -> #REF! | F56: =D56-E56 -> #REF! | G56: 45922 | H56: =IF(ISBLANK(G56)," - ",IF(I56=0,G56,G56+I56-1)) -> 45922 | I56: 1 | J56: =E56*100%/D56 -> #REF! | K56: =IF(OR(H56=0,G56=0)," - ",NETWORKDAYS(G56,H56)) -> 1
A57: =IF(ISERROR(VALUE(SUBSTITUTE(prevWBS,".",""))),"0.1",IF(ISERROR(FIND("`",SUBSTITUTE(prevWBS,".","`",1))),prevWBS&".1",LEFT(prevWBS,FIND("`",SUBSTITUTE(prevWBS,".","`",1)))&IF(ISERROR(FIND("`",SUBSTITUTE(prevWBS,".","`",2))),VALUE(RIGHT(prevWBS,LEN(prevWBS)-FIND("`",SUBSTITUTE(prevWBS,".","`",1))))+1,VALUE(MID(prevWBS,FIND("`",SUBSTITUTE(prevWBS,".","`",1))+1,(FIND("`",SUBSTITUTE(prevWBS,".","`",2))-FIND("`",SUBSTITUTE(prevWBS,".","`",1))-1)))+1))) -> 8.10 | B57: CORS | C57: IT Support | D57: =COUNTIFS(#REF!,$B57,#REF!,$B$47,#REF!,"ใช้งาน") -> #REF! | E57: =COUNTIFS(#REF!,$B57,#REF!,$B$47,#REF!,Dashboard!$E$7) -> #REF! | F57: =D57-E57 -> #REF! | G57: 45923 | H57: =IF(ISBLANK(G57)," - ",IF(I57=0,G57,G57+I57-1)) -> 45925 | I57: 3 | J57: =E57*100%/D57 -> #REF! | K57: =IF(OR(H57=0,G57=0)," - ",NETWORKDAYS(G57,H57)) -> 3
A58: =IF(ISERROR(VALUE(SUBSTITUTE(prevWBS,".",""))),"0.1",IF(ISERROR(FIND("`",SUBSTITUTE(prevWBS,".","`",1))),prevWBS&".1",LEFT(prevWBS,FIND("`",SUBSTITUTE(prevWBS,".","`",1)))&IF(ISERROR(FIND("`",SUBSTITUTE(prevWBS,".","`",2))),VALUE(RIGHT(prevWBS,LEN(prevWBS)-FIND("`",SUBSTITUTE(prevWBS,".","`",1))))+1,VALUE(MID(prevWBS,FIND("`",SUBSTITUTE(prevWBS,".","`",1))+1,(FIND("`",SUBSTITUTE(prevWBS,".","`",2))-FIND("`",SUBSTITUTE(prevWBS,".","`",1))-1)))+1))) -> 8.11 | B58: NBS | C58: IT Support | D58: =COUNTIFS(#REF!,$B58,#REF!,$B$47,#REF!,"ใช้งาน") -> #REF! | E58: =COUNTIFS(#REF!,$B58,#REF!,$B$47,#REF!,Dashboard!$E$7) -> #REF! | F58: =D58-E58 -> #REF! | G58: 45926 | H58: =IF(ISBLANK(G58)," - ",IF(I58=0,G58,G58+I58-1)) -> 45926 | I58: 1 | J58: =E58*100%/D58 -> #REF! | K58: =IF(OR(H58=0,G58=0)," - ",NETWORKDAYS(G58,H58)) -> 1
A59: =IF(ISERROR(VALUE(SUBSTITUTE(prevWBS,".",""))),"0.1",IF(ISERROR(FIND("`",SUBSTITUTE(prevWBS,".","`",1))),prevWBS&".1",LEFT(prevWBS,FIND("`",SUBSTITUTE(prevWBS,".","`",1)))&IF(ISERROR(FIND("`",SUBSTITUTE(prevWBS,".","`",2))),VALUE(RIGHT(prevWBS,LEN(prevWBS)-FIND("`",SUBSTITUTE(prevWBS,".","`",1))))+1,VALUE(MID(prevWBS,FIND("`",SUBSTITUTE(prevWBS,".","`",1))+1,(FIND("`",SUBSTITUTE(prevWBS,".","`",2))-FIND("`",SUBSTITUTE(prevWBS,".","`",1))-1)))+1))) -> 8.12 | B59: IA | C59: IT Support | D59: =COUNTIFS(#REF!,$B59,#REF!,$B$47,#REF!,"ใช้งาน") -> #REF! | E59: =COUNTIFS(#REF!,$B59,#REF!,$B$47,#REF!,Dashboard!$E$7) -> #REF! | F59: =D59-E59 -> #REF! | G59: 45926 | H59: =IF(ISBLANK(G59)," - ",IF(I59=0,G59,G59+I59-1)) -> 45926 | I59: 1 | J59: =E59*100%/D59 -> #REF! | K59: =IF(OR(H59=0,G59=0)," - ",NETWORKDAYS(G59,H59)) -> 1
... A62: =IF(ISERROR(VALUE(SUBSTITUTE(prevWBS,".",""))),"0.1",IF(ISERROR(FIND("`",SUBSTITUTE(prevWBS,".","`",1))),prevWBS&".1",LEFT(prevWBS,FIND("`",SUBSTITUTE(prevWBS,".","`",1)))&IF(ISERROR(FIND("`",SUBSTITUTE(prevWBS,".","`",2))),VALUE(RIGHT(prevWBS,LEN(prevWBS)-FIND("`",SUBSTITUTE(prevWBS,".","`",1))))+1,VALUE(MID(prevWBS,FIND("`",SUBSTITUTE(prevWBS,".","`",1))+1,(FIND("`",SUBSTITUTE(prevWBS,".","`",2))-FIND("`",SUBSTITUTE(prevWBS,".","`",1))-1)))+1))) -> 8.15 | B62: ERP | C62: IT Support | D62: =COUNTIFS(#REF!,$B62,#REF!,$B$47,#REF!,"ใช้งาน") -> #REF! | E62: =COUNTIFS(#REF!,$B62,#REF!,$B$47,#REF!,Dashboard!$E$7) -> #REF! | F62: =D62-E62 -> #REF! | G62: 45930 | H62: =IF(ISBLANK(G62)," - ",IF(I62=0,G62,G62+I62-1)) -> 45930 | I62: 1 | J62: =E62*100%/D62 -> #REF! | K62: =IF(OR(H62=0,G62=0)," - ",NETWORKDAYS(G62,H62)) -> 1
A63: =IF(ISERROR(VALUE(SUBSTITUTE(prevWBS,".",""))),"1",IF(ISERROR(FIND("`",SUBSTITUTE(prevWBS,".","`",1))),TEXT(VALUE(prevWBS)+1,"#"),TEXT(VALUE(LEFT(prevWBS,FIND("`",SUBSTITUTE(prevWBS,".","`",1))-1))+1,"#"))) -> 9 | B63: TMI | D63: =SUM(D64) -> #REF! | H63: =IF(ISBLANK(G63)," - ",IF(I63=0,G63,G63+I63-1)) -> - | K63: =IF(OR(H63=0,G63=0)," - ",NETWORKDAYS(G63,H63)) -> -
A64: =IF(ISERROR(VALUE(SUBSTITUTE(prevWBS,".",""))),"0.1",IF(ISERROR(FIND("`",SUBSTITUTE(prevWBS,".","`",1))),prevWBS&".1",LEFT(prevWBS,FIND("`",SUBSTITUTE(prevWBS,".","`",1)))&IF(ISERROR(FIND("`",SUBSTITUTE(prevWBS,".","`",2))),VALUE(RIGHT(prevWBS,LEN(prevWBS)-FIND("`",SUBSTITUTE(prevWBS,".","`",1))))+1,VALUE(MID(prevWBS,FIND("`",SUBSTITUTE(prevWBS,".","`",1))+1,(FIND("`",SUBSTITUTE(prevWBS,".","`",2))-FIND("`",SUBSTITUTE(prevWBS,".","`",1))-1)))+1))) -> 9.1 | B64: TMI | C64: IT Support | D64: =COUNTIFS(#REF!,$B64,#REF!,$B$63,#REF!,"ใช้งาน") -> #REF! | E64: =COUNTIFS(#REF!,$B64,#REF!,$B$63,#REF!,Dashboard!$E$7) -> #REF! | F64: =D64-E64 -> #REF! | H64: =IF(ISBLANK(G64)," - ",IF(I64=0,G64,G64+I64-1)) -> - | J64: =E64*100%/D64 -> #REF! | K64: =IF(OR(H64=0,G64=0)," - ",NETWORKDAYS(G64,H64)) -> -
A65: =IF(ISERROR(VALUE(SUBSTITUTE(prevWBS,".",""))),"1",IF(ISERROR(FIND("`",SUBSTITUTE(prevWBS,".","`",1))),TEXT(VALUE(prevWBS)+1,"#"),TEXT(VALUE(LEFT(prevWBS,FIND("`",SUBSTITUTE(prevWBS,".","`",1))-1))+1,"#"))) -> 10 | H65: =IF(ISBLANK(G65)," - ",IF(I65=0,G65,G65+I65-1)) -> - | K65: =IF(OR(H65=0,G65=0)," - ",NETWORKDAYS(G65,H65)) -> -
